scenario_id,time_s,uav_id,x_m,y_m,speed_mps,role
corridor_baseline,0.0,0,45.0,75.0,5.025,peripheral
corridor_baseline,0.0,1,45.0,45.0,5.025,peripheral
corridor_baseline,0.0,2,60.0,60.0,5.0,relay_anchor
corridor_baseline,0.0,3,75.0,45.0,5.025,peripheral
corridor_baseline,0.0,4,75.0,75.0,5.025,peripheral
corridor_baseline,0.5,0,47.5,74.75,5.025,peripheral
corridor_baseline,0.5,1,47.5,45.25,5.025,peripheral
corridor_baseline,0.5,2,62.5,60.0,5.0,relay_anchor
corridor_baseline,0.5,3,77.5,44.75,5.025,peripheral
corridor_baseline,0.5,4,77.5,75.25,5.025,peripheral
corridor_baseline,1.0,0,50.0,74.5,5.025,peripheral
corridor_baseline,1.0,1,50.0,45.5,5.025,peripheral
corridor_baseline,1.0,2,65.0,60.0,5.0,relay_anchor
corridor_baseline,1.0,3,80.0,44.5,5.025,peripheral
corridor_baseline,1.0,4,80.0,75.5,5.025,peripheral
corridor_baseline,1.5,0,52.5,74.25,5.025,peripheral
corridor_baseline,1.5,1,52.5,45.75,5.025,peripheral
corridor_baseline,1.5,2,67.5,60.0,5.0,relay_anchor
corridor_baseline,1.5,3,82.5,44.25,5.025,peripheral
corridor_baseline,1.5,4,82.5,75.75,5.025,peripheral
corridor_baseline,2.0,0,55.0,74.0,5.025,peripheral
corridor_baseline,2.0,1,55.0,46.0,5.025,peripheral
corridor_baseline,2.0,2,70.0,60.0,5.0,relay_anchor
corridor_baseline,2.0,3,85.0,44.0,5.025,peripheral
corridor_baseline,2.0,4,85.0,76.0,5.025,peripheral
corridor_baseline,2.5,0,57.5,73.75,5.025,peripheral
corridor_baseline,2.5,1,57.5,46.25,5.025,peripheral
corridor_baseline,2.5,2,72.5,60.0,5.0,relay_anchor
corridor_baseline,2.5,3,87.5,43.75,5.025,peripheral
corridor_baseline,2.5,4,87.5,76.25,5.025,peripheral
corridor_baseline,3.0,0,60.0,73.5,5.025,peripheral
corridor_baseline,3.0,1,60.0,46.5,5.025,peripheral
corridor_baseline,3.0,2,75.0,60.0,5.0,relay_anchor
corridor_baseline,3.0,3,90.0,43.5,5.025,peripheral
corridor_baseline,3.0,4,90.0,76.5,5.025,peripheral
corridor_baseline,3.5,0,62.5,73.25,5.025,peripheral
corridor_baseline,3.5,1,62.5,46.75,5.025,peripheral
corridor_baseline,3.5,2,77.5,60.0,5.0,relay_anchor
corridor_baseline,3.5,3,92.5,43.25,5.025,peripheral
corridor_baseline,3.5,4,92.5,76.75,5.025,peripheral
corridor_baseline,4.0,0,65.0,73.0,5.025,peripheral
corridor_baseline,4.0,1,65.0,47.0,5.025,peripheral
corridor_baseline,4.0,2,80.0,60.0,5.0,relay_anchor
corridor_baseline,4.0,3,95.0,43.0,5.025,peripheral
corridor_baseline,4.0,4,95.0,77.0,5.025,peripheral
corridor_baseline,4.5,0,67.5,72.75,5.025,peripheral
corridor_baseline,4.5,1,67.5,47.25,5.025,peripheral
corridor_baseline,4.5,2,82.5,60.0,5.0,relay_anchor
corridor_baseline,4.5,3,97.5,42.75,5.025,peripheral
corridor_baseline,4.5,4,97.5,77.25,5.025,peripheral
corridor_baseline,5.0,0,70.0,72.5,5.025,peripheral
corridor_baseline,5.0,1,70.0,47.5,5.025,peripheral
corridor_baseline,5.0,2,85.0,60.0,5.0,relay_anchor
corridor_baseline,5.0,3,100.0,42.5,5.025,peripheral
corridor_baseline,5.0,4,100.0,77.5,5.025,peripheral
corridor_baseline,5.5,0,72.5,72.25,5.025,peripheral
corridor_baseline,5.5,1,72.5,47.75,5.025,peripheral
corridor_baseline,5.5,2,87.5,60.0,5.0,relay_anchor
corridor_baseline,5.5,3,102.5,42.25,5.025,peripheral
corridor_baseline,5.5,4,102.5,77.75,5.025,peripheral
corridor_baseline,6.0,0,75.0,72.0,5.025,peripheral
corridor_baseline,6.0,1,75.0,48.0,5.025,peripheral
corridor_baseline,6.0,2,90.0,60.0,5.0,relay_anchor
corridor_baseline,6.0,3,105.0,42.0,5.025,peripheral
corridor_baseline,6.0,4,105.0,78.0,5.025,peripheral
corridor_baseline,6.5,0,77.5,71.75,5.025,peripheral
corridor_baseline,6.5,1,77.5,48.25,5.025,peripheral
corridor_baseline,6.5,2,92.5,60.0,5.0,relay_anchor
corridor_baseline,6.5,3,107.5,41.75,5.025,peripheral
corridor_baseline,6.5,4,107.5,78.25,5.025,peripheral
corridor_baseline,7.0,0,80.0,71.5,5.025,peripheral
corridor_baseline,7.0,1,80.0,48.5,5.025,peripheral
corridor_baseline,7.0,2,95.0,60.0,5.0,relay_anchor
corridor_baseline,7.0,3,110.0,41.5,5.025,peripheral
corridor_baseline,7.0,4,110.0,78.5,5.025,peripheral
corridor_baseline,7.5,0,82.5,71.25,5.025,peripheral
corridor_baseline,7.5,1,82.5,48.75,5.025,peripheral
corridor_baseline,7.5,2,97.5,60.0,5.0,relay_anchor
corridor_baseline,7.5,3,112.5,41.25,5.025,peripheral
corridor_baseline,7.5,4,112.5,78.75,5.025,peripheral
corridor_baseline,8.0,0,85.0,71.0,5.025,peripheral
corridor_baseline,8.0,1,85.0,49.0,5.025,peripheral
corridor_baseline,8.0,2,100.0,60.0,5.0,relay_anchor
corridor_baseline,8.0,3,115.0,41.0,5.025,peripheral
corridor_baseline,8.0,4,115.0,79.0,5.025,peripheral
corridor_baseline,8.5,0,87.5,70.75,5.025,peripheral
corridor_baseline,8.5,1,87.5,49.25,5.025,peripheral
corridor_baseline,8.5,2,102.5,60.0,5.0,relay_anchor
corridor_baseline,8.5,3,117.5,40.75,5.025,peripheral
corridor_baseline,8.5,4,117.5,79.25,5.025,peripheral
corridor_baseline,9.0,0,90.0,70.5,5.025,peripheral
corridor_baseline,9.0,1,90.0,49.5,5.025,peripheral
corridor_baseline,9.0,2,105.0,60.0,5.0,relay_anchor
corridor_baseline,9.0,3,120.0,40.5,5.025,peripheral
corridor_baseline,9.0,4,120.0,79.5,5.025,peripheral
corridor_baseline,9.5,0,92.5,70.25,5.025,peripheral
corridor_baseline,9.5,1,92.5,49.75,5.025,peripheral
corridor_baseline,9.5,2,107.5,60.0,5.0,relay_anchor
corridor_baseline,9.5,3,122.5,40.25,5.025,peripheral
corridor_baseline,9.5,4,122.5,79.75,5.025,peripheral
corridor_baseline,10.0,0,95.0,70.0,5.025,peripheral
corridor_baseline,10.0,1,95.0,50.0,5.025,peripheral
corridor_baseline,10.0,2,110.0,60.0,5.0,relay_anchor
corridor_baseline,10.0,3,125.0,40.0,5.025,peripheral
corridor_baseline,10.0,4,125.0,80.0,5.025,peripheral
corridor_baseline,10.5,0,97.5,69.75,5.025,peripheral
corridor_baseline,10.5,1,97.5,50.25,5.025,peripheral
corridor_baseline,10.5,2,112.5,60.0,5.0,relay_anchor
corridor_baseline,10.5,3,127.5,39.75,5.025,peripheral
corridor_baseline,10.5,4,127.5,80.25,5.025,peripheral
corridor_baseline,11.0,0,100.0,69.5,5.025,peripheral
corridor_baseline,11.0,1,100.0,50.5,5.025,peripheral
corridor_baseline,11.0,2,115.0,60.0,5.0,relay_anchor
corridor_baseline,11.0,3,130.0,39.5,5.025,peripheral
corridor_baseline,11.0,4,130.0,80.5,5.025,peripheral
corridor_baseline,11.5,0,102.5,69.25,5.025,peripheral
corridor_baseline,11.5,1,102.5,50.75,5.025,peripheral
corridor_baseline,11.5,2,117.5,60.0,5.0,relay_anchor
corridor_baseline,11.5,3,132.5,39.25,5.025,peripheral
corridor_baseline,11.5,4,132.5,80.75,5.025,peripheral
corridor_baseline,12.0,0,105.0,69.0,5.025,peripheral
corridor_baseline,12.0,1,105.0,51.0,5.025,peripheral
corridor_baseline,12.0,2,120.0,60.0,5.0,relay_anchor
corridor_baseline,12.0,3,135.0,39.0,5.025,peripheral
corridor_baseline,12.0,4,135.0,81.0,5.025,peripheral
corridor_baseline,12.5,0,107.5,68.75,5.025,peripheral
corridor_baseline,12.5,1,107.5,51.25,5.025,peripheral
corridor_baseline,12.5,2,122.5,60.0,5.0,relay_anchor
corridor_baseline,12.5,3,137.5,38.75,5.025,peripheral
corridor_baseline,12.5,4,137.5,81.25,5.025,peripheral
corridor_baseline,13.0,0,110.0,68.5,5.025,peripheral
corridor_baseline,13.0,1,110.0,51.5,5.025,peripheral
corridor_baseline,13.0,2,125.0,60.0,5.0,relay_anchor
corridor_baseline,13.0,3,140.0,38.5,5.025,peripheral
corridor_baseline,13.0,4,140.0,81.5,5.025,peripheral
corridor_baseline,13.5,0,112.5,68.25,5.025,peripheral
corridor_baseline,13.5,1,112.5,51.75,5.025,peripheral
corridor_baseline,13.5,2,127.5,60.0,5.0,relay_anchor
corridor_baseline,13.5,3,142.5,38.25,5.025,peripheral
corridor_baseline,13.5,4,142.5,81.75,5.025,peripheral
corridor_baseline,14.0,0,115.0,68.0,5.025,peripheral
corridor_baseline,14.0,1,115.0,52.0,5.025,peripheral
corridor_baseline,14.0,2,130.0,60.0,5.0,relay_anchor
corridor_baseline,14.0,3,145.0,38.0,5.025,peripheral
corridor_baseline,14.0,4,145.0,82.0,5.025,peripheral
corridor_baseline,14.5,0,117.5,67.75,5.025,peripheral
corridor_baseline,14.5,1,117.5,52.25,5.025,peripheral
corridor_baseline,14.5,2,132.5,60.0,5.0,relay_anchor
corridor_baseline,14.5,3,147.5,37.75,5.025,peripheral
corridor_baseline,14.5,4,147.5,82.25,5.025,peripheral
corridor_baseline,15.0,0,120.0,67.5,5.025,peripheral
corridor_baseline,15.0,1,120.0,52.5,5.025,peripheral
corridor_baseline,15.0,2,135.0,60.0,5.0,relay_anchor
corridor_baseline,15.0,3,150.0,37.5,5.025,peripheral
corridor_baseline,15.0,4,150.0,82.5,5.025,peripheral
corridor_baseline,15.5,0,122.5,67.25,5.025,peripheral
corridor_baseline,15.5,1,122.5,52.75,5.025,peripheral
corridor_baseline,15.5,2,137.5,60.0,5.0,relay_anchor
corridor_baseline,15.5,3,152.5,37.25,5.025,peripheral
corridor_baseline,15.5,4,152.5,82.75,5.025,peripheral
corridor_baseline,16.0,0,125.0,67.0,5.025,peripheral
corridor_baseline,16.0,1,125.0,53.0,5.025,peripheral
corridor_baseline,16.0,2,140.0,60.0,5.0,relay_anchor
corridor_baseline,16.0,3,155.0,37.0,5.025,peripheral
corridor_baseline,16.0,4,155.0,83.0,5.025,peripheral
corridor_baseline,16.5,0,127.5,66.75,5.025,peripheral
corridor_baseline,16.5,1,127.5,53.25,5.025,peripheral
corridor_baseline,16.5,2,142.5,60.0,5.0,relay_anchor
corridor_baseline,16.5,3,157.5,36.75,5.025,peripheral
corridor_baseline,16.5,4,157.5,83.25,5.025,peripheral
corridor_baseline,17.0,0,130.0,66.5,5.025,peripheral
corridor_baseline,17.0,1,130.0,53.5,5.025,peripheral
corridor_baseline,17.0,2,145.0,60.0,5.0,relay_anchor
corridor_baseline,17.0,3,160.0,36.5,5.025,peripheral
corridor_baseline,17.0,4,160.0,83.5,5.025,peripheral
corridor_baseline,17.5,0,132.5,66.25,5.025,peripheral
corridor_baseline,17.5,1,132.5,53.75,5.025,peripheral
corridor_baseline,17.5,2,147.5,60.0,5.0,relay_anchor
corridor_baseline,17.5,3,162.5,36.25,5.025,peripheral
corridor_baseline,17.5,4,162.5,83.75,5.025,peripheral
corridor_baseline,18.0,0,135.0,66.0,5.025,peripheral
corridor_baseline,18.0,1,135.0,54.0,5.025,peripheral
corridor_baseline,18.0,2,150.0,60.0,5.0,relay_anchor
corridor_baseline,18.0,3,165.0,36.0,5.025,peripheral
corridor_baseline,18.0,4,165.0,84.0,5.025,peripheral
corridor_baseline,18.5,0,137.5,65.75,5.025,peripheral
corridor_baseline,18.5,1,137.5,54.25,5.025,peripheral
corridor_baseline,18.5,2,152.5,60.0,5.0,relay_anchor
corridor_baseline,18.5,3,167.5,35.75,5.025,peripheral
corridor_baseline,18.5,4,167.5,84.25,5.025,peripheral
corridor_baseline,19.0,0,140.0,65.5,5.025,peripheral
corridor_baseline,19.0,1,140.0,54.5,5.025,peripheral
corridor_baseline,19.0,2,155.0,60.0,5.0,relay_anchor
corridor_baseline,19.0,3,170.0,35.5,5.025,peripheral
corridor_baseline,19.0,4,170.0,84.5,5.025,peripheral
corridor_baseline,19.5,0,142.5,65.25,5.025,peripheral
corridor_baseline,19.5,1,142.5,54.75,5.025,peripheral
corridor_baseline,19.5,2,157.5,60.0,5.0,relay_anchor
corridor_baseline,19.5,3,172.5,35.25,5.025,peripheral
corridor_baseline,19.5,4,172.5,84.75,5.025,peripheral
corridor_baseline,20.0,0,145.0,65.0,5.025,peripheral
corridor_baseline,20.0,1,145.0,55.0,5.025,peripheral
corridor_baseline,20.0,2,160.0,60.0,5.0,relay_anchor
corridor_baseline,20.0,3,175.0,35.0,5.025,peripheral
corridor_baseline,20.0,4,175.0,85.0,5.025,peripheral
corridor_baseline,20.5,0,147.5,64.75,5.025,peripheral
corridor_baseline,20.5,1,147.5,55.25,5.025,peripheral
corridor_baseline,20.5,2,162.5,60.0,5.0,relay_anchor
corridor_baseline,20.5,3,177.5,34.75,5.025,peripheral
corridor_baseline,20.5,4,177.5,85.25,5.025,peripheral
corridor_baseline,21.0,0,150.0,64.5,5.025,peripheral
corridor_baseline,21.0,1,150.0,55.5,5.025,peripheral
corridor_baseline,21.0,2,165.0,60.0,5.0,relay_anchor
corridor_baseline,21.0,3,180.0,34.5,5.025,peripheral
corridor_baseline,21.0,4,180.0,85.5,5.025,peripheral
corridor_baseline,21.5,0,152.5,64.25,5.025,peripheral
corridor_baseline,21.5,1,152.5,55.75,5.025,peripheral
corridor_baseline,21.5,2,167.5,60.0,5.0,relay_anchor
corridor_baseline,21.5,3,182.5,34.25,5.025,peripheral
corridor_baseline,21.5,4,182.5,85.75,5.025,peripheral
corridor_baseline,22.0,0,155.0,64.0,5.025,peripheral
corridor_baseline,22.0,1,155.0,56.0,5.025,peripheral
corridor_baseline,22.0,2,170.0,60.0,5.0,relay_anchor
corridor_baseline,22.0,3,185.0,34.0,5.025,peripheral
corridor_baseline,22.0,4,185.0,86.0,5.025,peripheral
corridor_baseline,22.5,0,157.5,63.75,5.025,peripheral
corridor_baseline,22.5,1,157.5,56.25,5.025,peripheral
corridor_baseline,22.5,2,172.5,60.0,5.0,relay_anchor
corridor_baseline,22.5,3,187.5,33.75,5.025,peripheral
corridor_baseline,22.5,4,187.5,86.25,5.025,peripheral
corridor_baseline,23.0,0,160.0,63.5,5.025,peripheral
corridor_baseline,23.0,1,160.0,56.5,5.025,peripheral
corridor_baseline,23.0,2,175.0,60.0,5.0,relay_anchor
corridor_baseline,23.0,3,190.0,33.5,5.025,peripheral
corridor_baseline,23.0,4,190.0,86.5,5.025,peripheral
corridor_baseline,23.5,0,162.5,63.25,5.025,peripheral
corridor_baseline,23.5,1,162.5,56.75,5.025,peripheral
corridor_baseline,23.5,2,177.5,60.0,5.0,relay_anchor
corridor_baseline,23.5,3,192.5,33.25,5.025,peripheral
corridor_baseline,23.5,4,192.5,86.75,5.025,peripheral
corridor_baseline,24.0,0,165.0,63.0,5.025,peripheral
corridor_baseline,24.0,1,165.0,57.0,5.025,peripheral
corridor_baseline,24.0,2,180.0,60.0,5.0,relay_anchor
corridor_baseline,24.0,3,195.0,33.0,5.025,peripheral
corridor_baseline,24.0,4,195.0,87.0,5.025,peripheral
corridor_baseline,24.5,0,167.5,62.75,5.025,peripheral
corridor_baseline,24.5,1,167.5,57.25,5.025,peripheral
corridor_baseline,24.5,2,182.5,60.0,5.0,relay_anchor
corridor_baseline,24.5,3,197.5,32.75,5.025,peripheral
corridor_baseline,24.5,4,197.5,87.25,5.025,peripheral
corridor_baseline,25.0,0,170.0,62.5,5.025,peripheral
corridor_baseline,25.0,1,170.0,57.5,5.025,peripheral
corridor_baseline,25.0,2,185.0,60.0,5.0,relay_anchor
corridor_baseline,25.0,3,200.0,32.5,5.025,peripheral
corridor_baseline,25.0,4,200.0,87.5,5.025,peripheral
corridor_baseline,25.5,0,172.5,62.25,5.025,peripheral
corridor_baseline,25.5,1,172.5,57.75,5.025,peripheral
corridor_baseline,25.5,2,187.5,60.0,5.0,relay_anchor
corridor_baseline,25.5,3,202.5,32.25,5.025,peripheral
corridor_baseline,25.5,4,202.5,87.75,5.025,peripheral
corridor_baseline,26.0,0,175.0,62.0,5.025,peripheral
corridor_baseline,26.0,1,175.0,58.0,5.025,peripheral
corridor_baseline,26.0,2,190.0,60.0,5.0,relay_anchor
corridor_baseline,26.0,3,205.0,32.0,5.025,peripheral
corridor_baseline,26.0,4,205.0,88.0,5.025,peripheral
corridor_baseline,26.5,0,177.5,61.75,5.025,peripheral
corridor_baseline,26.5,1,177.5,58.25,5.025,peripheral
corridor_baseline,26.5,2,192.5,60.0,5.0,relay_anchor
corridor_baseline,26.5,3,207.5,31.75,5.025,peripheral
corridor_baseline,26.5,4,207.5,88.25,5.025,peripheral
corridor_baseline,27.0,0,180.0,61.5,5.025,peripheral
corridor_baseline,27.0,1,180.0,58.5,5.025,peripheral
corridor_baseline,27.0,2,195.0,60.0,5.0,relay_anchor
corridor_baseline,27.0,3,210.0,31.5,5.025,peripheral
corridor_baseline,27.0,4,210.0,88.5,5.025,peripheral
corridor_baseline,27.5,0,182.5,61.25,5.025,peripheral
corridor_baseline,27.5,1,182.5,58.75,5.025,peripheral
corridor_baseline,27.5,2,197.5,60.0,5.0,relay_anchor
corridor_baseline,27.5,3,212.5,31.25,5.025,peripheral
corridor_baseline,27.5,4,212.5,88.75,5.025,peripheral
corridor_baseline,28.0,0,185.0,61.0,5.025,peripheral
corridor_baseline,28.0,1,185.0,59.0,5.025,peripheral
corridor_baseline,28.0,2,200.0,60.0,5.0,relay_anchor
corridor_baseline,28.0,3,215.0,31.0,5.025,peripheral
corridor_baseline,28.0,4,215.0,89.0,5.025,peripheral
corridor_baseline,28.5,0,187.5,60.75,5.025,peripheral
corridor_baseline,28.5,1,187.5,59.25,5.025,peripheral
corridor_baseline,28.5,2,202.5,60.0,5.0,relay_anchor
corridor_baseline,28.5,3,217.5,30.75,5.025,peripheral
corridor_baseline,28.5,4,217.5,89.25,5.025,peripheral
corridor_baseline,29.0,0,190.0,60.5,5.025,peripheral
corridor_baseline,29.0,1,190.0,59.5,5.025,peripheral
corridor_baseline,29.0,2,205.0,60.0,5.0,relay_anchor
corridor_baseline,29.0,3,220.0,30.5,5.025,peripheral
corridor_baseline,29.0,4,220.0,89.5,5.025,peripheral
corridor_baseline,29.5,0,192.5,60.25,5.025,peripheral
corridor_baseline,29.5,1,192.5,59.75,5.025,peripheral
corridor_baseline,29.5,2,207.5,60.0,5.0,relay_anchor
corridor_baseline,29.5,3,222.5,30.25,5.025,peripheral
corridor_baseline,29.5,4,222.5,89.75,5.025,peripheral
corridor_baseline,30.0,0,195.0,60.0,5.025,peripheral
corridor_baseline,30.0,1,195.0,60.0,5.025,peripheral
corridor_baseline,30.0,2,210.0,60.0,5.0,relay_anchor
corridor_baseline,30.0,3,225.0,30.0,5.025,peripheral
corridor_baseline,30.0,4,225.0,90.0,5.025,peripheral
corridor_baseline,30.5,0,197.5,59.75,5.025,peripheral
corridor_baseline,30.5,1,197.5,60.25,5.025,peripheral
corridor_baseline,30.5,2,212.5,60.0,5.0,relay_anchor
corridor_baseline,30.5,3,227.5,29.75,5.025,peripheral
corridor_baseline,30.5,4,227.5,90.25,5.025,peripheral
corridor_baseline,31.0,0,200.0,59.5,5.025,peripheral
corridor_baseline,31.0,1,200.0,60.5,5.025,peripheral
corridor_baseline,31.0,2,215.0,60.0,5.0,relay_anchor
corridor_baseline,31.0,3,230.0,29.5,5.025,peripheral
corridor_baseline,31.0,4,230.0,90.5,5.025,peripheral
corridor_baseline,31.5,0,202.5,59.25,5.025,peripheral
corridor_baseline,31.5,1,202.5,60.75,5.025,peripheral
corridor_baseline,31.5,2,217.5,60.0,5.0,relay_anchor
corridor_baseline,31.5,3,232.5,29.25,5.025,peripheral
corridor_baseline,31.5,4,232.5,90.75,5.025,peripheral
corridor_baseline,32.0,0,205.0,59.0,5.025,peripheral
corridor_baseline,32.0,1,205.0,61.0,5.025,peripheral
corridor_baseline,32.0,2,220.0,60.0,5.0,relay_anchor
corridor_baseline,32.0,3,235.0,29.0,5.025,peripheral
corridor_baseline,32.0,4,235.0,91.0,5.025,peripheral
corridor_baseline,32.5,0,207.5,58.75,5.025,peripheral
corridor_baseline,32.5,1,207.5,61.25,5.025,peripheral
corridor_baseline,32.5,2,222.5,60.0,5.0,relay_anchor
corridor_baseline,32.5,3,237.5,28.75,5.025,peripheral
corridor_baseline,32.5,4,237.5,91.25,5.025,peripheral
corridor_baseline,33.0,0,210.0,58.5,5.025,peripheral
corridor_baseline,33.0,1,210.0,61.5,5.025,peripheral
corridor_baseline,33.0,2,225.0,60.0,5.0,relay_anchor
corridor_baseline,33.0,3,240.0,28.5,5.025,peripheral
corridor_baseline,33.0,4,240.0,91.5,5.025,peripheral
corridor_baseline,33.5,0,212.5,58.25,5.025,peripheral
corridor_baseline,33.5,1,212.5,61.75,5.025,peripheral
corridor_baseline,33.5,2,227.5,60.0,5.0,relay_anchor
corridor_baseline,33.5,3,242.5,28.25,5.025,peripheral
corridor_baseline,33.5,4,242.5,91.75,5.025,peripheral
corridor_baseline,34.0,0,215.0,58.0,5.025,peripheral
corridor_baseline,34.0,1,215.0,62.0,5.025,peripheral
corridor_baseline,34.0,2,230.0,60.0,5.0,relay_anchor
corridor_baseline,34.0,3,245.0,28.0,5.025,peripheral
corridor_baseline,34.0,4,245.0,92.0,5.025,peripheral
corridor_baseline,34.5,0,217.5,57.75,5.025,peripheral
corridor_baseline,34.5,1,217.5,62.25,5.025,peripheral
corridor_baseline,34.5,2,232.5,60.0,5.0,relay_anchor
corridor_baseline,34.5,3,247.5,27.75,5.025,peripheral
corridor_baseline,34.5,4,247.5,92.25,5.025,peripheral
corridor_baseline,35.0,0,220.0,57.5,5.025,peripheral
corridor_baseline,35.0,1,220.0,62.5,5.025,peripheral
corridor_baseline,35.0,2,235.0,60.0,5.0,relay_anchor
corridor_baseline,35.0,3,250.0,27.5,5.025,peripheral
corridor_baseline,35.0,4,250.0,92.5,5.025,peripheral
corridor_baseline,35.5,0,222.5,57.25,5.025,peripheral
corridor_baseline,35.5,1,222.5,62.75,5.025,peripheral
corridor_baseline,35.5,2,237.5,60.0,5.0,relay_anchor
corridor_baseline,35.5,3,252.5,27.25,5.025,peripheral
corridor_baseline,35.5,4,252.5,92.75,5.025,peripheral
corridor_baseline,36.0,0,225.0,57.0,5.025,peripheral
corridor_baseline,36.0,1,225.0,63.0,5.025,peripheral
corridor_baseline,36.0,2,240.0,60.0,5.0,relay_anchor
corridor_baseline,36.0,3,255.0,27.0,5.025,peripheral
corridor_baseline,36.0,4,255.0,93.0,5.025,peripheral
corridor_baseline,36.5,0,227.5,56.75,5.025,peripheral
corridor_baseline,36.5,1,227.5,63.25,5.025,peripheral
corridor_baseline,36.5,2,242.5,60.0,5.0,relay_anchor
corridor_baseline,36.5,3,257.5,26.75,5.025,peripheral
corridor_baseline,36.5,4,257.5,93.25,5.025,peripheral
corridor_baseline,37.0,0,230.0,56.5,5.025,peripheral
corridor_baseline,37.0,1,230.0,63.5,5.025,peripheral
corridor_baseline,37.0,2,245.0,60.0,5.0,relay_anchor
corridor_baseline,37.0,3,260.0,26.5,5.025,peripheral
corridor_baseline,37.0,4,260.0,93.5,5.025,peripheral
corridor_baseline,37.5,0,232.5,56.25,5.025,peripheral
corridor_baseline,37.5,1,232.5,63.75,5.025,peripheral
corridor_baseline,37.5,2,247.5,60.0,5.0,relay_anchor
corridor_baseline,37.5,3,262.5,26.25,5.025,peripheral
corridor_baseline,37.5,4,262.5,93.75,5.025,peripheral
corridor_baseline,38.0,0,235.0,56.0,5.025,peripheral
corridor_baseline,38.0,1,235.0,64.0,5.025,peripheral
corridor_baseline,38.0,2,250.0,60.0,5.0,relay_anchor
corridor_baseline,38.0,3,265.0,26.0,5.025,peripheral
corridor_baseline,38.0,4,265.0,94.0,5.025,peripheral
corridor_baseline,38.5,0,237.5,55.75,5.025,peripheral
corridor_baseline,38.5,1,237.5,64.25,5.025,peripheral
corridor_baseline,38.5,2,252.5,60.0,5.0,relay_anchor
corridor_baseline,38.5,3,267.5,25.75,5.025,peripheral
corridor_baseline,38.5,4,267.5,94.25,5.025,peripheral
corridor_baseline,39.0,0,240.0,55.5,5.025,peripheral
corridor_baseline,39.0,1,240.0,64.5,5.025,peripheral
corridor_baseline,39.0,2,255.0,60.0,5.0,relay_anchor
corridor_baseline,39.0,3,270.0,25.5,5.025,peripheral
corridor_baseline,39.0,4,270.0,94.5,5.025,peripheral
corridor_baseline,39.5,0,242.5,55.25,5.025,peripheral
corridor_baseline,39.5,1,242.5,64.75,5.025,peripheral
corridor_baseline,39.5,2,257.5,60.0,5.0,relay_anchor
corridor_baseline,39.5,3,272.5,25.25,5.025,peripheral
corridor_baseline,39.5,4,272.5,94.75,5.025,peripheral
corridor_baseline,40.0,0,245.0,55.0,5.025,peripheral
corridor_baseline,40.0,1,245.0,65.0,5.025,peripheral
corridor_baseline,40.0,2,260.0,60.0,5.0,relay_anchor
corridor_baseline,40.0,3,275.0,25.0,5.025,peripheral
corridor_baseline,40.0,4,275.0,95.0,5.025,peripheral
corridor_baseline,40.5,0,247.5,54.75,5.025,peripheral
corridor_baseline,40.5,1,247.5,65.25,5.025,peripheral
corridor_baseline,40.5,2,262.5,60.0,5.0,relay_anchor
corridor_baseline,40.5,3,277.5,24.75,5.025,peripheral
corridor_baseline,40.5,4,277.5,95.25,5.025,peripheral
corridor_baseline,41.0,0,250.0,54.5,5.025,peripheral
corridor_baseline,41.0,1,250.0,65.5,5.025,peripheral
corridor_baseline,41.0,2,265.0,60.0,5.0,relay_anchor
corridor_baseline,41.0,3,280.0,24.5,5.025,peripheral
corridor_baseline,41.0,4,280.0,95.5,5.025,peripheral
corridor_baseline,41.5,0,252.5,54.25,5.025,peripheral
corridor_baseline,41.5,1,252.5,65.75,5.025,peripheral
corridor_baseline,41.5,2,267.5,60.0,5.0,relay_anchor
corridor_baseline,41.5,3,282.5,24.25,5.025,peripheral
corridor_baseline,41.5,4,282.5,95.75,5.025,peripheral
corridor_baseline,42.0,0,255.0,54.0,5.025,peripheral
corridor_baseline,42.0,1,255.0,66.0,5.025,peripheral
corridor_baseline,42.0,2,270.0,60.0,5.0,relay_anchor
corridor_baseline,42.0,3,285.0,24.0,5.025,peripheral
corridor_baseline,42.0,4,285.0,96.0,5.025,peripheral
corridor_baseline,42.5,0,257.5,53.75,5.025,peripheral
corridor_baseline,42.5,1,257.5,66.25,5.025,peripheral
corridor_baseline,42.5,2,272.5,60.0,5.0,relay_anchor
corridor_baseline,42.5,3,287.5,23.75,5.025,peripheral
corridor_baseline,42.5,4,287.5,96.25,5.025,peripheral
corridor_baseline,43.0,0,260.0,53.5,5.025,peripheral
corridor_baseline,43.0,1,260.0,66.5,5.025,peripheral
corridor_baseline,43.0,2,275.0,60.0,5.0,relay_anchor
corridor_baseline,43.0,3,290.0,23.5,5.025,peripheral
corridor_baseline,43.0,4,290.0,96.5,5.025,peripheral
corridor_baseline,43.5,0,262.5,53.25,5.025,peripheral
corridor_baseline,43.5,1,262.5,66.75,5.025,peripheral
corridor_baseline,43.5,2,277.5,60.0,5.0,relay_anchor
corridor_baseline,43.5,3,292.5,23.25,5.025,peripheral
corridor_baseline,43.5,4,292.5,96.75,5.025,peripheral
corridor_baseline,44.0,0,265.0,53.0,5.025,peripheral
corridor_baseline,44.0,1,265.0,67.0,5.025,peripheral
corridor_baseline,44.0,2,280.0,60.0,5.0,relay_anchor
corridor_baseline,44.0,3,295.0,23.0,5.025,peripheral
corridor_baseline,44.0,4,295.0,97.0,5.025,peripheral
corridor_baseline,44.5,0,267.5,52.75,5.025,peripheral
corridor_baseline,44.5,1,267.5,67.25,5.025,peripheral
corridor_baseline,44.5,2,282.5,60.0,5.0,relay_anchor
corridor_baseline,44.5,3,297.5,22.75,5.025,peripheral
corridor_baseline,44.5,4,297.5,97.25,5.025,peripheral
corridor_baseline,45.0,0,270.0,52.5,5.025,peripheral
corridor_baseline,45.0,1,270.0,67.5,5.025,peripheral
corridor_baseline,45.0,2,285.0,60.0,5.0,relay_anchor
corridor_baseline,45.0,3,300.0,22.5,5.025,peripheral
corridor_baseline,45.0,4,300.0,97.5,5.025,peripheral
corridor_baseline,45.5,0,272.5,52.25,5.025,peripheral
corridor_baseline,45.5,1,272.5,67.75,5.025,peripheral
corridor_baseline,45.5,2,287.5,60.0,5.0,relay_anchor
corridor_baseline,45.5,3,302.5,22.25,5.025,peripheral
corridor_baseline,45.5,4,302.5,97.75,5.025,peripheral
corridor_baseline,46.0,0,275.0,52.0,5.025,peripheral
corridor_baseline,46.0,1,275.0,68.0,5.025,peripheral
corridor_baseline,46.0,2,290.0,60.0,5.0,relay_anchor
corridor_baseline,46.0,3,305.0,22.0,5.025,peripheral
corridor_baseline,46.0,4,305.0,98.0,5.025,peripheral
corridor_baseline,46.5,0,277.5,51.75,5.025,peripheral
corridor_baseline,46.5,1,277.5,68.25,5.025,peripheral
corridor_baseline,46.5,2,292.5,60.0,5.0,relay_anchor
corridor_baseline,46.5,3,307.5,21.75,5.025,peripheral
corridor_baseline,46.5,4,307.5,98.25,5.025,peripheral
corridor_baseline,47.0,0,280.0,51.5,5.025,peripheral
corridor_baseline,47.0,1,280.0,68.5,5.025,peripheral
corridor_baseline,47.0,2,295.0,60.0,5.0,relay_anchor
corridor_baseline,47.0,3,310.0,21.5,5.025,peripheral
corridor_baseline,47.0,4,310.0,98.5,5.025,peripheral
corridor_baseline,47.5,0,282.5,51.25,5.025,peripheral
corridor_baseline,47.5,1,282.5,68.75,5.025,peripheral
corridor_baseline,47.5,2,297.5,60.0,5.0,relay_anchor
corridor_baseline,47.5,3,312.5,21.25,5.025,peripheral
corridor_baseline,47.5,4,312.5,98.75,5.025,peripheral
corridor_baseline,48.0,0,285.0,51.0,5.025,peripheral
corridor_baseline,48.0,1,285.0,69.0,5.025,peripheral
corridor_baseline,48.0,2,300.0,60.0,5.0,relay_anchor
corridor_baseline,48.0,3,315.0,21.0,5.025,peripheral
corridor_baseline,48.0,4,315.0,99.0,5.025,peripheral
corridor_baseline,48.5,0,287.5,50.75,5.025,peripheral
corridor_baseline,48.5,1,287.5,69.25,5.025,peripheral
corridor_baseline,48.5,2,302.5,60.0,5.0,relay_anchor
corridor_baseline,48.5,3,317.5,20.75,5.025,peripheral
corridor_baseline,48.5,4,317.5,99.25,5.025,peripheral
corridor_baseline,49.0,0,290.0,50.5,5.025,peripheral
corridor_baseline,49.0,1,290.0,69.5,5.025,peripheral
corridor_baseline,49.0,2,305.0,60.0,5.0,relay_anchor
corridor_baseline,49.0,3,320.0,20.5,5.025,peripheral
corridor_baseline,49.0,4,320.0,99.5,5.025,peripheral
corridor_baseline,49.5,0,292.5,50.25,5.025,peripheral
corridor_baseline,49.5,1,292.5,69.75,5.025,peripheral
corridor_baseline,49.5,2,307.5,60.0,5.0,relay_anchor
corridor_baseline,49.5,3,322.5,20.25,5.025,peripheral
corridor_baseline,49.5,4,322.5,99.75,5.025,peripheral
corridor_baseline,50.0,0,295.0,50.0,5.025,peripheral
corridor_baseline,50.0,1,295.0,70.0,5.025,peripheral
corridor_baseline,50.0,2,310.0,60.0,5.0,relay_anchor
corridor_baseline,50.0,3,325.0,20.0,5.025,peripheral
corridor_baseline,50.0,4,325.0,100.0,5.025,peripheral
corridor_baseline,50.5,0,297.5,49.75,5.025,peripheral
corridor_baseline,50.5,1,297.5,70.25,5.025,peripheral
corridor_baseline,50.5,2,312.5,60.0,5.0,relay_anchor
corridor_baseline,50.5,3,327.5,19.75,5.025,peripheral
corridor_baseline,50.5,4,327.5,100.25,5.025,peripheral
corridor_baseline,51.0,0,300.0,49.5,5.025,peripheral
corridor_baseline,51.0,1,300.0,70.5,5.025,peripheral
corridor_baseline,51.0,2,315.0,60.0,5.0,relay_anchor
corridor_baseline,51.0,3,330.0,19.5,5.025,peripheral
corridor_baseline,51.0,4,330.0,100.5,5.025,peripheral
corridor_baseline,51.5,0,302.5,49.25,5.025,peripheral
corridor_baseline,51.5,1,302.5,70.75,5.025,peripheral
corridor_baseline,51.5,2,317.5,60.0,5.0,relay_anchor
corridor_baseline,51.5,3,332.5,19.25,5.025,peripheral
corridor_baseline,51.5,4,332.5,100.75,5.025,peripheral
corridor_baseline,52.0,0,305.0,49.0,5.025,peripheral
corridor_baseline,52.0,1,305.0,71.0,5.025,peripheral
corridor_baseline,52.0,2,320.0,60.0,5.0,relay_anchor
corridor_baseline,52.0,3,335.0,19.0,5.025,peripheral
corridor_baseline,52.0,4,335.0,101.0,5.025,peripheral
corridor_baseline,52.5,0,307.5,48.75,5.025,peripheral
corridor_baseline,52.5,1,307.5,71.25,5.025,peripheral
corridor_baseline,52.5,2,322.5,60.0,5.0,relay_anchor
corridor_baseline,52.5,3,337.5,18.75,5.025,peripheral
corridor_baseline,52.5,4,337.5,101.25,5.025,peripheral
corridor_baseline,53.0,0,310.0,48.5,5.025,peripheral
corridor_baseline,53.0,1,310.0,71.5,5.025,peripheral
corridor_baseline,53.0,2,325.0,60.0,5.0,relay_anchor
corridor_baseline,53.0,3,340.0,18.5,5.025,peripheral
corridor_baseline,53.0,4,340.0,101.5,5.025,peripheral
corridor_baseline,53.5,0,312.5,48.25,5.025,peripheral
corridor_baseline,53.5,1,312.5,71.75,5.025,peripheral
corridor_baseline,53.5,2,327.5,60.0,5.0,relay_anchor
corridor_baseline,53.5,3,342.5,18.25,5.025,peripheral
corridor_baseline,53.5,4,342.5,101.75,5.025,peripheral
corridor_baseline,54.0,0,315.0,48.0,5.025,peripheral
corridor_baseline,54.0,1,315.0,72.0,5.025,peripheral
corridor_baseline,54.0,2,330.0,60.0,5.0,relay_anchor
corridor_baseline,54.0,3,345.0,18.0,5.025,peripheral
corridor_baseline,54.0,4,345.0,102.0,5.025,peripheral
corridor_baseline,54.5,0,317.5,47.75,5.025,peripheral
corridor_baseline,54.5,1,317.5,72.25,5.025,peripheral
corridor_baseline,54.5,2,332.5,60.0,5.0,relay_anchor
corridor_baseline,54.5,3,347.5,17.75,5.025,peripheral
corridor_baseline,54.5,4,347.5,102.25,5.025,peripheral
corridor_baseline,55.0,0,320.0,47.5,5.025,peripheral
corridor_baseline,55.0,1,320.0,72.5,5.025,peripheral
corridor_baseline,55.0,2,335.0,60.0,5.0,relay_anchor
corridor_baseline,55.0,3,350.0,17.5,5.025,peripheral
corridor_baseline,55.0,4,350.0,102.5,5.025,peripheral
corridor_baseline,55.5,0,322.5,47.25,5.025,peripheral
corridor_baseline,55.5,1,322.5,72.75,5.025,peripheral
corridor_baseline,55.5,2,337.5,60.0,5.0,relay_anchor
corridor_baseline,55.5,3,352.5,17.25,5.025,peripheral
corridor_baseline,55.5,4,352.5,102.75,5.025,peripheral
corridor_baseline,56.0,0,325.0,47.0,5.025,peripheral
corridor_baseline,56.0,1,325.0,73.0,5.025,peripheral
corridor_baseline,56.0,2,340.0,60.0,5.0,relay_anchor
corridor_baseline,56.0,3,355.0,17.0,5.025,peripheral
corridor_baseline,56.0,4,355.0,103.0,5.025,peripheral
corridor_baseline,56.5,0,327.5,46.75,5.025,peripheral
corridor_baseline,56.5,1,327.5,73.25,5.025,peripheral
corridor_baseline,56.5,2,342.5,60.0,5.0,relay_anchor
corridor_baseline,56.5,3,357.5,16.75,5.025,peripheral
corridor_baseline,56.5,4,357.5,103.25,5.025,peripheral
corridor_baseline,57.0,0,330.0,46.5,5.025,peripheral
corridor_baseline,57.0,1,330.0,73.5,5.025,peripheral
corridor_baseline,57.0,2,345.0,60.0,5.0,relay_anchor
corridor_baseline,57.0,3,360.0,16.5,5.025,peripheral
corridor_baseline,57.0,4,360.0,103.5,5.025,peripheral
corridor_baseline,57.5,0,332.5,46.25,5.025,peripheral
corridor_baseline,57.5,1,332.5,73.75,5.025,peripheral
corridor_baseline,57.5,2,347.5,60.0,5.0,relay_anchor
corridor_baseline,57.5,3,362.5,16.25,5.025,peripheral
corridor_baseline,57.5,4,362.5,103.75,5.025,peripheral
corridor_baseline,58.0,0,335.0,46.0,5.025,peripheral
corridor_baseline,58.0,1,335.0,74.0,5.025,peripheral
corridor_baseline,58.0,2,350.0,60.0,5.0,relay_anchor
corridor_baseline,58.0,3,365.0,16.0,5.025,peripheral
corridor_baseline,58.0,4,365.0,104.0,5.025,peripheral
corridor_baseline,58.5,0,337.5,45.75,5.025,peripheral
corridor_baseline,58.5,1,337.5,74.25,5.025,peripheral
corridor_baseline,58.5,2,352.5,60.0,5.0,relay_anchor
corridor_baseline,58.5,3,367.5,15.75,5.025,peripheral
corridor_baseline,58.5,4,367.5,104.25,5.025,peripheral
corridor_baseline,59.0,0,340.0,45.5,5.025,peripheral
corridor_baseline,59.0,1,340.0,74.5,5.025,peripheral
corridor_baseline,59.0,2,355.0,60.0,5.0,relay_anchor
corridor_baseline,59.0,3,370.0,15.5,5.025,peripheral
corridor_baseline,59.0,4,370.0,104.5,5.025,peripheral
corridor_baseline,59.5,0,342.5,45.25,5.025,peripheral
corridor_baseline,59.5,1,342.5,74.75,5.025,peripheral
corridor_baseline,59.5,2,357.5,60.0,5.0,relay_anchor
corridor_baseline,59.5,3,372.5,15.25,5.025,peripheral
corridor_baseline,59.5,4,372.5,104.75,5.025,peripheral
corridor_baseline,60.0,0,345.0,45.0,5.025,peripheral
corridor_baseline,60.0,1,345.0,75.0,5.025,peripheral
corridor_baseline,60.0,2,360.0,60.0,5.0,relay_anchor
corridor_baseline,60.0,3,375.0,15.0,5.025,peripheral
corridor_baseline,60.0,4,375.0,105.0,5.025,peripheral
relay_stretch,0.0,0,95.0,70.0,6.021,peripheral
relay_stretch,0.0,1,95.0,50.0,6.021,peripheral
relay_stretch,0.0,2,95.0,60.0,0.0,relay_anchor
relay_stretch,0.0,3,95.0,65.0,6.021,peripheral
relay_stretch,0.0,4,95.0,55.0,6.021,peripheral
relay_stretch,0.5,0,98.0,70.25,6.021,peripheral
relay_stretch,0.5,1,98.0,49.75,6.021,peripheral
relay_stretch,0.5,2,95.0,60.0,0.0,relay_anchor
relay_stretch,0.5,3,92.0,65.25,6.021,peripheral
relay_stretch,0.5,4,92.0,54.75,6.021,peripheral
relay_stretch,1.0,0,101.0,70.5,6.021,peripheral
relay_stretch,1.0,1,101.0,49.5,6.021,peripheral
relay_stretch,1.0,2,95.0,60.0,0.0,relay_anchor
relay_stretch,1.0,3,89.0,65.5,6.021,peripheral
relay_stretch,1.0,4,89.0,54.5,6.021,peripheral
relay_stretch,1.5,0,104.0,70.75,6.021,peripheral
relay_stretch,1.5,1,104.0,49.25,6.021,peripheral
relay_stretch,1.5,2,95.0,60.0,0.0,relay_anchor
relay_stretch,1.5,3,86.0,65.75,6.021,peripheral
relay_stretch,1.5,4,86.0,54.25,6.021,peripheral
relay_stretch,2.0,0,107.0,71.0,6.021,peripheral
relay_stretch,2.0,1,107.0,49.0,6.021,peripheral
relay_stretch,2.0,2,95.0,60.0,0.0,relay_anchor
relay_stretch,2.0,3,83.0,66.0,6.021,peripheral
relay_stretch,2.0,4,83.0,54.0,6.021,peripheral
relay_stretch,2.5,0,110.0,71.25,6.021,peripheral
relay_stretch,2.5,1,110.0,48.75,6.021,peripheral
relay_stretch,2.5,2,95.0,60.0,0.0,relay_anchor
relay_stretch,2.5,3,80.0,66.25,6.021,peripheral
relay_stretch,2.5,4,80.0,53.75,6.021,peripheral
relay_stretch,3.0,0,113.0,71.5,6.021,peripheral
relay_stretch,3.0,1,113.0,48.5,6.021,peripheral
relay_stretch,3.0,2,95.0,60.0,0.0,relay_anchor
relay_stretch,3.0,3,77.0,66.5,6.021,peripheral
relay_stretch,3.0,4,77.0,53.5,6.021,peripheral
relay_stretch,3.5,0,116.0,71.75,6.021,peripheral
relay_stretch,3.5,1,116.0,48.25,6.021,peripheral
relay_stretch,3.5,2,95.0,60.0,0.0,relay_anchor
relay_stretch,3.5,3,74.0,66.75,6.021,peripheral
relay_stretch,3.5,4,74.0,53.25,6.021,peripheral
relay_stretch,4.0,0,119.0,72.0,6.021,peripheral
relay_stretch,4.0,1,119.0,48.0,6.021,peripheral
relay_stretch,4.0,2,95.0,60.0,0.0,relay_anchor
relay_stretch,4.0,3,71.0,67.0,6.021,peripheral
relay_stretch,4.0,4,71.0,53.0,6.021,peripheral
relay_stretch,4.5,0,122.0,72.25,6.021,peripheral
relay_stretch,4.5,1,122.0,47.75,6.021,peripheral
relay_stretch,4.5,2,95.0,60.0,0.0,relay_anchor
relay_stretch,4.5,3,68.0,67.25,6.021,peripheral
relay_stretch,4.5,4,68.0,52.75,6.021,peripheral
relay_stretch,5.0,0,125.0,72.5,6.021,peripheral
relay_stretch,5.0,1,125.0,47.5,6.021,peripheral
relay_stretch,5.0,2,95.0,60.0,0.0,relay_anchor
relay_stretch,5.0,3,65.0,67.5,6.021,peripheral
relay_stretch,5.0,4,65.0,52.5,6.021,peripheral
relay_stretch,5.5,0,128.0,72.75,6.021,peripheral
relay_stretch,5.5,1,128.0,47.25,6.021,peripheral
relay_stretch,5.5,2,95.0,60.0,0.0,relay_anchor
relay_stretch,5.5,3,62.0,67.75,6.021,peripheral
relay_stretch,5.5,4,62.0,52.25,6.021,peripheral
relay_stretch,6.0,0,131.0,73.0,6.021,peripheral
relay_stretch,6.0,1,131.0,47.0,6.021,peripheral
relay_stretch,6.0,2,95.0,60.0,0.0,relay_anchor
relay_stretch,6.0,3,59.0,68.0,6.021,peripheral
relay_stretch,6.0,4,59.0,52.0,6.021,peripheral
relay_stretch,6.5,0,134.0,73.25,6.021,peripheral
relay_stretch,6.5,1,134.0,46.75,6.021,peripheral
relay_stretch,6.5,2,95.0,60.0,0.0,relay_anchor
relay_stretch,6.5,3,56.0,68.25,6.021,peripheral
relay_stretch,6.5,4,56.0,51.75,6.021,peripheral
relay_stretch,7.0,0,137.0,73.5,6.021,peripheral
relay_stretch,7.0,1,137.0,46.5,6.021,peripheral
relay_stretch,7.0,2,95.0,60.0,0.0,relay_anchor
relay_stretch,7.0,3,53.0,68.5,6.021,peripheral
relay_stretch,7.0,4,53.0,51.5,6.021,peripheral
relay_stretch,7.5,0,140.0,73.75,6.021,peripheral
relay_stretch,7.5,1,140.0,46.25,6.021,peripheral
relay_stretch,7.5,2,95.0,60.0,0.0,relay_anchor
relay_stretch,7.5,3,50.0,68.75,6.021,peripheral
relay_stretch,7.5,4,50.0,51.25,6.021,peripheral
relay_stretch,8.0,0,143.0,74.0,6.021,peripheral
relay_stretch,8.0,1,143.0,46.0,6.021,peripheral
relay_stretch,8.0,2,95.0,60.0,0.0,relay_anchor
relay_stretch,8.0,3,47.0,69.0,6.021,peripheral
relay_stretch,8.0,4,47.0,51.0,6.021,peripheral
relay_stretch,8.5,0,146.0,74.25,6.021,peripheral
relay_stretch,8.5,1,146.0,45.75,6.021,peripheral
relay_stretch,8.5,2,95.0,60.0,0.0,relay_anchor
relay_stretch,8.5,3,44.0,69.25,6.021,peripheral
relay_stretch,8.5,4,44.0,50.75,6.021,peripheral
relay_stretch,9.0,0,149.0,74.5,6.021,peripheral
relay_stretch,9.0,1,149.0,45.5,6.021,peripheral
relay_stretch,9.0,2,95.0,60.0,0.0,relay_anchor
relay_stretch,9.0,3,41.0,69.5,6.021,peripheral
relay_stretch,9.0,4,41.0,50.5,6.021,peripheral
relay_stretch,9.5,0,152.0,74.75,6.021,peripheral
relay_stretch,9.5,1,152.0,45.25,6.021,peripheral
relay_stretch,9.5,2,95.0,60.0,0.0,relay_anchor
relay_stretch,9.5,3,38.0,69.75,6.021,peripheral
relay_stretch,9.5,4,38.0,50.25,6.021,peripheral
relay_stretch,10.0,0,155.0,75.0,6.021,peripheral
relay_stretch,10.0,1,155.0,45.0,6.021,peripheral
relay_stretch,10.0,2,95.0,60.0,0.0,relay_anchor
relay_stretch,10.0,3,35.0,70.0,6.021,peripheral
relay_stretch,10.0,4,35.0,50.0,6.021,peripheral
relay_stretch,10.5,0,158.0,75.25,6.021,peripheral
relay_stretch,10.5,1,158.0,44.75,6.021,peripheral
relay_stretch,10.5,2,95.0,60.0,0.0,relay_anchor
relay_stretch,10.5,3,32.0,70.25,6.021,peripheral
relay_stretch,10.5,4,32.0,49.75,6.021,peripheral
relay_stretch,11.0,0,161.0,75.5,6.021,peripheral
relay_stretch,11.0,1,161.0,44.5,6.021,peripheral
relay_stretch,11.0,2,95.0,60.0,0.0,relay_anchor
relay_stretch,11.0,3,29.0,70.5,6.021,peripheral
relay_stretch,11.0,4,29.0,49.5,6.021,peripheral
relay_stretch,11.5,0,164.0,75.75,6.021,peripheral
relay_stretch,11.5,1,164.0,44.25,6.021,peripheral
relay_stretch,11.5,2,95.0,60.0,0.0,relay_anchor
relay_stretch,11.5,3,26.0,70.75,6.021,peripheral
relay_stretch,11.5,4,26.0,49.25,6.021,peripheral
relay_stretch,12.0,0,167.0,76.0,6.021,peripheral
relay_stretch,12.0,1,167.0,44.0,6.021,peripheral
relay_stretch,12.0,2,95.0,60.0,0.0,relay_anchor
relay_stretch,12.0,3,23.0,71.0,6.021,peripheral
relay_stretch,12.0,4,23.0,49.0,6.021,peripheral
relay_stretch,12.5,0,170.0,76.25,6.021,peripheral
relay_stretch,12.5,1,170.0,43.75,6.021,peripheral
relay_stretch,12.5,2,95.0,60.0,0.0,relay_anchor
relay_stretch,12.5,3,20.0,71.25,6.021,peripheral
relay_stretch,12.5,4,20.0,48.75,6.021,peripheral
relay_stretch,13.0,0,173.0,76.5,6.021,peripheral
relay_stretch,13.0,1,173.0,43.5,6.021,peripheral
relay_stretch,13.0,2,95.0,60.0,0.0,relay_anchor
relay_stretch,13.0,3,17.0,71.5,6.021,peripheral
relay_stretch,13.0,4,17.0,48.5,6.021,peripheral
relay_stretch,13.5,0,176.0,76.75,6.021,peripheral
relay_stretch,13.5,1,176.0,43.25,6.021,peripheral
relay_stretch,13.5,2,95.0,60.0,0.0,relay_anchor
relay_stretch,13.5,3,14.0,71.75,6.021,peripheral
relay_stretch,13.5,4,14.0,48.25,6.021,peripheral
relay_stretch,14.0,0,179.0,77.0,6.021,peripheral
relay_stretch,14.0,1,179.0,43.0,6.021,peripheral
relay_stretch,14.0,2,95.0,60.0,0.0,relay_anchor
relay_stretch,14.0,3,11.0,72.0,6.021,peripheral
relay_stretch,14.0,4,11.0,48.0,6.021,peripheral
relay_stretch,14.5,0,182.0,77.25,6.021,peripheral
relay_stretch,14.5,1,182.0,42.75,6.021,peripheral
relay_stretch,14.5,2,95.0,60.0,0.0,relay_anchor
relay_stretch,14.5,3,8.0,72.25,6.021,peripheral
relay_stretch,14.5,4,8.0,47.75,6.021,peripheral
relay_stretch,15.0,0,185.0,77.5,6.021,peripheral
relay_stretch,15.0,1,185.0,42.5,6.021,peripheral
relay_stretch,15.0,2,95.0,60.0,0.0,relay_anchor
relay_stretch,15.0,3,5.0,72.5,6.021,peripheral
relay_stretch,15.0,4,5.0,47.5,6.021,peripheral
relay_stretch,15.5,0,188.0,77.75,6.021,peripheral
relay_stretch,15.5,1,188.0,42.25,6.021,peripheral
relay_stretch,15.5,2,95.0,60.0,0.0,relay_anchor
relay_stretch,15.5,3,2.0,72.75,6.021,peripheral
relay_stretch,15.5,4,2.0,47.25,6.021,peripheral
relay_stretch,16.0,0,191.0,78.0,6.021,peripheral
relay_stretch,16.0,1,191.0,42.0,6.021,peripheral
relay_stretch,16.0,2,95.0,60.0,0.0,relay_anchor
relay_stretch,16.0,3,-1.0,73.0,6.021,peripheral
relay_stretch,16.0,4,-1.0,47.0,6.021,peripheral
relay_stretch,16.5,0,194.0,78.25,6.021,peripheral
relay_stretch,16.5,1,194.0,41.75,6.021,peripheral
relay_stretch,16.5,2,95.0,60.0,0.0,relay_anchor
relay_stretch,16.5,3,-4.0,73.25,6.021,peripheral
relay_stretch,16.5,4,-4.0,46.75,6.021,peripheral
relay_stretch,17.0,0,197.0,78.5,6.021,peripheral
relay_stretch,17.0,1,197.0,41.5,6.021,peripheral
relay_stretch,17.0,2,95.0,60.0,0.0,relay_anchor
relay_stretch,17.0,3,-7.0,73.5,6.021,peripheral
relay_stretch,17.0,4,-7.0,46.5,6.021,peripheral
relay_stretch,17.5,0,200.0,78.75,6.021,peripheral
relay_stretch,17.5,1,200.0,41.25,6.021,peripheral
relay_stretch,17.5,2,95.0,60.0,0.0,relay_anchor
relay_stretch,17.5,3,-10.0,73.75,6.021,peripheral
relay_stretch,17.5,4,-10.0,46.25,6.021,peripheral
relay_stretch,18.0,0,203.0,79.0,6.021,peripheral
relay_stretch,18.0,1,203.0,41.0,6.021,peripheral
relay_stretch,18.0,2,95.0,60.0,0.0,relay_anchor
relay_stretch,18.0,3,-13.0,74.0,6.021,peripheral
relay_stretch,18.0,4,-13.0,46.0,6.021,peripheral
relay_stretch,18.5,0,206.0,79.25,6.021,peripheral
relay_stretch,18.5,1,206.0,40.75,6.021,peripheral
relay_stretch,18.5,2,95.0,60.0,0.0,relay_anchor
relay_stretch,18.5,3,-16.0,74.25,6.021,peripheral
relay_stretch,18.5,4,-16.0,45.75,6.021,peripheral
relay_stretch,19.0,0,209.0,79.5,6.021,peripheral
relay_stretch,19.0,1,209.0,40.5,6.021,peripheral
relay_stretch,19.0,2,95.0,60.0,0.0,relay_anchor
relay_stretch,19.0,3,-19.0,74.5,6.021,peripheral
relay_stretch,19.0,4,-19.0,45.5,6.021,peripheral
relay_stretch,19.5,0,212.0,79.75,6.021,peripheral
relay_stretch,19.5,1,212.0,40.25,6.021,peripheral
relay_stretch,19.5,2,95.0,60.0,0.0,relay_anchor
relay_stretch,19.5,3,-22.0,74.75,6.021,peripheral
relay_stretch,19.5,4,-22.0,45.25,6.021,peripheral
relay_stretch,20.0,0,215.0,80.0,6.021,peripheral
relay_stretch,20.0,1,215.0,40.0,6.021,peripheral
relay_stretch,20.0,2,95.0,60.0,0.0,relay_anchor
relay_stretch,20.0,3,-25.0,75.0,6.021,peripheral
relay_stretch,20.0,4,-25.0,45.0,6.021,peripheral
cluster_spread,0.0,0,95.0,60.0,6.0,peripheral
cluster_spread,0.0,1,95.0,60.0,6.0,peripheral
cluster_spread,0.0,2,95.0,60.0,0.5,relay_anchor
cluster_spread,0.0,3,95.0,60.0,6.0,peripheral
cluster_spread,0.0,4,95.0,60.0,6.0,peripheral
cluster_spread,0.5,0,95.0,63.0,6.0,peripheral
cluster_spread,0.5,1,95.0,57.0,6.0,peripheral
cluster_spread,0.5,2,95.25,60.0,0.5,relay_anchor
cluster_spread,0.5,3,92.0,60.0,6.0,peripheral
cluster_spread,0.5,4,98.0,60.0,6.0,peripheral
cluster_spread,1.0,0,95.0,66.0,6.0,peripheral
cluster_spread,1.0,1,95.0,54.0,6.0,peripheral
cluster_spread,1.0,2,95.5,60.0,0.5,relay_anchor
cluster_spread,1.0,3,89.0,60.0,6.0,peripheral
cluster_spread,1.0,4,101.0,60.0,6.0,peripheral
cluster_spread,1.5,0,95.0,69.0,6.0,peripheral
cluster_spread,1.5,1,95.0,51.0,6.0,peripheral
cluster_spread,1.5,2,95.75,60.0,0.5,relay_anchor
cluster_spread,1.5,3,86.0,60.0,6.0,peripheral
cluster_spread,1.5,4,104.0,60.0,6.0,peripheral
cluster_spread,2.0,0,95.0,72.0,6.0,peripheral
cluster_spread,2.0,1,95.0,48.0,6.0,peripheral
cluster_spread,2.0,2,96.0,60.0,0.5,relay_anchor
cluster_spread,2.0,3,83.0,60.0,6.0,peripheral
cluster_spread,2.0,4,107.0,60.0,6.0,peripheral
cluster_spread,2.5,0,95.0,75.0,6.0,peripheral
cluster_spread,2.5,1,95.0,45.0,6.0,peripheral
cluster_spread,2.5,2,96.25,60.0,0.5,relay_anchor
cluster_spread,2.5,3,80.0,60.0,6.0,peripheral
cluster_spread,2.5,4,110.0,60.0,6.0,peripheral
cluster_spread,3.0,0,95.0,78.0,6.0,peripheral
cluster_spread,3.0,1,95.0,42.0,6.0,peripheral
cluster_spread,3.0,2,96.5,60.0,0.5,relay_anchor
cluster_spread,3.0,3,77.0,60.0,6.0,peripheral
cluster_spread,3.0,4,113.0,60.0,6.0,peripheral
cluster_spread,3.5,0,95.0,81.0,6.0,peripheral
cluster_spread,3.5,1,95.0,39.0,6.0,peripheral
cluster_spread,3.5,2,96.75,60.0,0.5,relay_anchor
cluster_spread,3.5,3,74.0,60.0,6.0,peripheral
cluster_spread,3.5,4,116.0,60.0,6.0,peripheral
cluster_spread,4.0,0,95.0,84.0,6.0,peripheral
cluster_spread,4.0,1,95.0,36.0,6.0,peripheral
cluster_spread,4.0,2,97.0,60.0,0.5,relay_anchor
cluster_spread,4.0,3,71.0,60.0,6.0,peripheral
cluster_spread,4.0,4,119.0,60.0,6.0,peripheral
cluster_spread,4.5,0,95.0,87.0,6.0,peripheral
cluster_spread,4.5,1,95.0,33.0,6.0,peripheral
cluster_spread,4.5,2,97.25,60.0,0.5,relay_anchor
cluster_spread,4.5,3,68.0,60.0,6.0,peripheral
cluster_spread,4.5,4,122.0,60.0,6.0,peripheral
cluster_spread,5.0,0,95.0,90.0,6.0,peripheral
cluster_spread,5.0,1,95.0,30.0,6.0,peripheral
cluster_spread,5.0,2,97.5,60.0,0.5,relay_anchor
cluster_spread,5.0,3,65.0,60.0,6.0,peripheral
cluster_spread,5.0,4,125.0,60.0,6.0,peripheral
cluster_spread,5.5,0,95.0,93.0,6.0,peripheral
cluster_spread,5.5,1,95.0,27.0,6.0,peripheral
cluster_spread,5.5,2,97.75,60.0,0.5,relay_anchor
cluster_spread,5.5,3,62.0,60.0,6.0,peripheral
cluster_spread,5.5,4,128.0,60.0,6.0,peripheral
cluster_spread,6.0,0,95.0,96.0,6.0,peripheral
cluster_spread,6.0,1,95.0,24.0,6.0,peripheral
cluster_spread,6.0,2,98.0,60.0,0.5,relay_anchor
cluster_spread,6.0,3,59.0,60.0,6.0,peripheral
cluster_spread,6.0,4,131.0,60.0,6.0,peripheral
cluster_spread,6.5,0,95.0,99.0,6.0,peripheral
cluster_spread,6.5,1,95.0,21.0,6.0,peripheral
cluster_spread,6.5,2,98.25,60.0,0.5,relay_anchor
cluster_spread,6.5,3,56.0,60.0,6.0,peripheral
cluster_spread,6.5,4,134.0,60.0,6.0,peripheral
cluster_spread,7.0,0,95.0,102.0,6.0,peripheral
cluster_spread,7.0,1,95.0,18.0,6.0,peripheral
cluster_spread,7.0,2,98.5,60.0,0.5,relay_anchor
cluster_spread,7.0,3,53.0,60.0,6.0,peripheral
cluster_spread,7.0,4,137.0,60.0,6.0,peripheral
cluster_spread,7.5,0,95.0,105.0,6.0,peripheral
cluster_spread,7.5,1,95.0,15.0,6.0,peripheral
cluster_spread,7.5,2,98.75,60.0,0.5,relay_anchor
cluster_spread,7.5,3,50.0,60.0,6.0,peripheral
cluster_spread,7.5,4,140.0,60.0,6.0,peripheral
cluster_spread,8.0,0,95.0,108.0,6.0,peripheral
cluster_spread,8.0,1,95.0,12.0,6.0,peripheral
cluster_spread,8.0,2,99.0,60.0,0.5,relay_anchor
cluster_spread,8.0,3,47.0,60.0,6.0,peripheral
cluster_spread,8.0,4,143.0,60.0,6.0,peripheral
cluster_spread,8.5,0,95.0,111.0,6.0,peripheral
cluster_spread,8.5,1,95.0,9.0,6.0,peripheral
cluster_spread,8.5,2,99.25,60.0,0.5,relay_anchor
cluster_spread,8.5,3,44.0,60.0,6.0,peripheral
cluster_spread,8.5,4,146.0,60.0,6.0,peripheral
cluster_spread,9.0,0,95.0,114.0,6.0,peripheral
cluster_spread,9.0,1,95.0,6.0,6.0,peripheral
cluster_spread,9.0,2,99.5,60.0,0.5,relay_anchor
cluster_spread,9.0,3,41.0,60.0,6.0,peripheral
cluster_spread,9.0,4,149.0,60.0,6.0,peripheral
cluster_spread,9.5,0,95.0,117.0,6.0,peripheral
cluster_spread,9.5,1,95.0,3.0,6.0,peripheral
cluster_spread,9.5,2,99.75,60.0,0.5,relay_anchor
cluster_spread,9.5,3,38.0,60.0,6.0,peripheral
cluster_spread,9.5,4,152.0,60.0,6.0,peripheral
cluster_spread,10.0,0,95.0,120.0,6.0,peripheral
cluster_spread,10.0,1,95.0,0.0,6.0,peripheral
cluster_spread,10.0,2,100.0,60.0,0.5,relay_anchor
cluster_spread,10.0,3,35.0,60.0,6.0,peripheral
cluster_spread,10.0,4,155.0,60.0,6.0,peripheral
cluster_spread,10.5,0,95.0,123.0,6.0,peripheral
cluster_spread,10.5,1,95.0,-3.0,6.0,peripheral
cluster_spread,10.5,2,100.25,60.0,0.5,relay_anchor
cluster_spread,10.5,3,32.0,60.0,6.0,peripheral
cluster_spread,10.5,4,158.0,60.0,6.0,peripheral
cluster_spread,11.0,0,95.0,126.0,6.0,peripheral
cluster_spread,11.0,1,95.0,-6.0,6.0,peripheral
cluster_spread,11.0,2,100.5,60.0,0.5,relay_anchor
cluster_spread,11.0,3,29.0,60.0,6.0,peripheral
cluster_spread,11.0,4,161.0,60.0,6.0,peripheral
cluster_spread,11.5,0,95.0,129.0,6.0,peripheral
cluster_spread,11.5,1,95.0,-9.0,6.0,peripheral
cluster_spread,11.5,2,100.75,60.0,0.5,relay_anchor
cluster_spread,11.5,3,26.0,60.0,6.0,peripheral
cluster_spread,11.5,4,164.0,60.0,6.0,peripheral
cluster_spread,12.0,0,95.0,132.0,6.0,peripheral
cluster_spread,12.0,1,95.0,-12.0,6.0,peripheral
cluster_spread,12.0,2,101.0,60.0,0.5,relay_anchor
cluster_spread,12.0,3,23.0,60.0,6.0,peripheral
cluster_spread,12.0,4,167.0,60.0,6.0,peripheral
cluster_spread,12.5,0,95.0,135.0,6.0,peripheral
cluster_spread,12.5,1,95.0,-15.0,6.0,peripheral
cluster_spread,12.5,2,101.25,60.0,0.5,relay_anchor
cluster_spread,12.5,3,20.0,60.0,6.0,peripheral
cluster_spread,12.5,4,170.0,60.0,6.0,peripheral
cluster_spread,13.0,0,95.0,138.0,6.0,peripheral
cluster_spread,13.0,1,95.0,-18.0,6.0,peripheral
cluster_spread,13.0,2,101.5,60.0,0.5,relay_anchor
cluster_spread,13.0,3,17.0,60.0,6.0,peripheral
cluster_spread,13.0,4,173.0,60.0,6.0,peripheral
cluster_spread,13.5,0,95.0,141.0,6.0,peripheral
cluster_spread,13.5,1,95.0,-21.0,6.0,peripheral
cluster_spread,13.5,2,101.75,60.0,0.5,relay_anchor
cluster_spread,13.5,3,14.0,60.0,6.0,peripheral
cluster_spread,13.5,4,176.0,60.0,6.0,peripheral
cluster_spread,14.0,0,95.0,144.0,6.0,peripheral
cluster_spread,14.0,1,95.0,-24.0,6.0,peripheral
cluster_spread,14.0,2,102.0,60.0,0.5,relay_anchor
cluster_spread,14.0,3,11.0,60.0,6.0,peripheral
cluster_spread,14.0,4,179.0,60.0,6.0,peripheral
cluster_spread,14.5,0,95.0,147.0,6.0,peripheral
cluster_spread,14.5,1,95.0,-27.0,6.0,peripheral
cluster_spread,14.5,2,102.25,60.0,0.5,relay_anchor
cluster_spread,14.5,3,8.0,60.0,6.0,peripheral
cluster_spread,14.5,4,182.0,60.0,6.0,peripheral
cluster_spread,15.0,0,95.0,150.0,6.0,peripheral
cluster_spread,15.0,1,95.0,-30.0,6.0,peripheral
cluster_spread,15.0,2,102.5,60.0,0.5,relay_anchor
cluster_spread,15.0,3,5.0,60.0,6.0,peripheral
cluster_spread,15.0,4,185.0,60.0,6.0,peripheral
cluster_spread,15.5,0,95.0,153.0,6.0,peripheral
cluster_spread,15.5,1,95.0,-33.0,6.0,peripheral
cluster_spread,15.5,2,102.75,60.0,0.5,relay_anchor
cluster_spread,15.5,3,2.0,60.0,6.0,peripheral
cluster_spread,15.5,4,188.0,60.0,6.0,peripheral
cluster_spread,16.0,0,95.0,156.0,6.0,peripheral
cluster_spread,16.0,1,95.0,-36.0,6.0,peripheral
cluster_spread,16.0,2,103.0,60.0,0.5,relay_anchor
cluster_spread,16.0,3,-1.0,60.0,6.0,peripheral
cluster_spread,16.0,4,191.0,60.0,6.0,peripheral
cluster_spread,16.5,0,95.0,159.0,6.0,peripheral
cluster_spread,16.5,1,95.0,-39.0,6.0,peripheral
cluster_spread,16.5,2,103.25,60.0,0.5,relay_anchor
cluster_spread,16.5,3,-4.0,60.0,6.0,peripheral
cluster_spread,16.5,4,194.0,60.0,6.0,peripheral
cluster_spread,17.0,0,95.0,162.0,6.0,peripheral
cluster_spread,17.0,1,95.0,-42.0,6.0,peripheral
cluster_spread,17.0,2,103.5,60.0,0.5,relay_anchor
cluster_spread,17.0,3,-7.0,60.0,6.0,peripheral
cluster_spread,17.0,4,197.0,60.0,6.0,peripheral
cluster_spread,17.5,0,95.0,165.0,6.0,peripheral
cluster_spread,17.5,1,95.0,-45.0,6.0,peripheral
cluster_spread,17.5,2,103.75,60.0,0.5,relay_anchor
cluster_spread,17.5,3,-10.0,60.0,6.0,peripheral
cluster_spread,17.5,4,200.0,60.0,6.0,peripheral
cluster_spread,18.0,0,95.0,168.0,6.0,peripheral
cluster_spread,18.0,1,95.0,-48.0,6.0,peripheral
cluster_spread,18.0,2,104.0,60.0,0.5,relay_anchor
cluster_spread,18.0,3,-13.0,60.0,6.0,peripheral
cluster_spread,18.0,4,203.0,60.0,6.0,peripheral
converge_diverge,0.0,0,95.0,110.0,5.0,peripheral
converge_diverge,0.0,1,95.0,10.0,5.0,peripheral
converge_diverge,0.0,2,45.0,60.0,5.0,relay_anchor
converge_diverge,0.0,3,145.0,80.0,5.385,peripheral
converge_diverge,0.0,4,145.0,40.0,5.385,peripheral
converge_diverge,0.5,0,95.0,107.5,5.0,peripheral
converge_diverge,0.5,1,95.0,12.5,5.0,peripheral
converge_diverge,0.5,2,47.5,60.0,5.0,relay_anchor
converge_diverge,0.5,3,142.5,79.0,5.385,peripheral
converge_diverge,0.5,4,142.5,41.0,5.385,peripheral
converge_diverge,1.0,0,95.0,105.0,5.0,peripheral
converge_diverge,1.0,1,95.0,15.0,5.0,peripheral
converge_diverge,1.0,2,50.0,60.0,5.0,relay_anchor
converge_diverge,1.0,3,140.0,78.0,5.385,peripheral
converge_diverge,1.0,4,140.0,42.0,5.385,peripheral
converge_diverge,1.5,0,95.0,102.5,5.0,peripheral
converge_diverge,1.5,1,95.0,17.5,5.0,peripheral
converge_diverge,1.5,2,52.5,60.0,5.0,relay_anchor
converge_diverge,1.5,3,137.5,77.0,5.385,peripheral
converge_diverge,1.5,4,137.5,43.0,5.385,peripheral
converge_diverge,2.0,0,95.0,100.0,5.0,peripheral
converge_diverge,2.0,1,95.0,20.0,5.0,peripheral
converge_diverge,2.0,2,55.0,60.0,5.0,relay_anchor
converge_diverge,2.0,3,135.0,76.0,5.385,peripheral
converge_diverge,2.0,4,135.0,44.0,5.385,peripheral
converge_diverge,2.5,0,95.0,97.5,5.0,peripheral
converge_diverge,2.5,1,95.0,22.5,5.0,peripheral
converge_diverge,2.5,2,57.5,60.0,5.0,relay_anchor
converge_diverge,2.5,3,132.5,75.0,5.385,peripheral
converge_diverge,2.5,4,132.5,45.0,5.385,peripheral
converge_diverge,3.0,0,95.0,95.0,5.0,peripheral
converge_diverge,3.0,1,95.0,25.0,5.0,peripheral
converge_diverge,3.0,2,60.0,60.0,5.0,relay_anchor
converge_diverge,3.0,3,130.0,74.0,5.385,peripheral
converge_diverge,3.0,4,130.0,46.0,5.385,peripheral
converge_diverge,3.5,0,95.0,92.5,5.0,peripheral
converge_diverge,3.5,1,95.0,27.5,5.0,peripheral
converge_diverge,3.5,2,62.5,60.0,5.0,relay_anchor
converge_diverge,3.5,3,127.5,73.0,5.385,peripheral
converge_diverge,3.5,4,127.5,47.0,5.385,peripheral
converge_diverge,4.0,0,95.0,90.0,5.0,peripheral
converge_diverge,4.0,1,95.0,30.0,5.0,peripheral
converge_diverge,4.0,2,65.0,60.0,5.0,relay_anchor
converge_diverge,4.0,3,125.0,72.0,5.385,peripheral
converge_diverge,4.0,4,125.0,48.0,5.385,peripheral
converge_diverge,4.5,0,95.0,87.5,5.0,peripheral
converge_diverge,4.5,1,95.0,32.5,5.0,peripheral
converge_diverge,4.5,2,67.5,60.0,5.0,relay_anchor
converge_diverge,4.5,3,122.5,71.0,5.385,peripheral
converge_diverge,4.5,4,122.5,49.0,5.385,peripheral
converge_diverge,5.0,0,95.0,85.0,5.0,peripheral
converge_diverge,5.0,1,95.0,35.0,5.0,peripheral
converge_diverge,5.0,2,70.0,60.0,5.0,relay_anchor
converge_diverge,5.0,3,120.0,70.0,5.385,peripheral
converge_diverge,5.0,4,120.0,50.0,5.385,peripheral
converge_diverge,5.5,0,95.0,82.5,5.0,peripheral
converge_diverge,5.5,1,95.0,37.5,5.0,peripheral
converge_diverge,5.5,2,72.5,60.0,5.0,relay_anchor
converge_diverge,5.5,3,117.5,69.0,5.385,peripheral
converge_diverge,5.5,4,117.5,51.0,5.385,peripheral
converge_diverge,6.0,0,95.0,80.0,5.0,peripheral
converge_diverge,6.0,1,95.0,40.0,5.0,peripheral
converge_diverge,6.0,2,75.0,60.0,5.0,relay_anchor
converge_diverge,6.0,3,115.0,68.0,5.385,peripheral
converge_diverge,6.0,4,115.0,52.0,5.385,peripheral
converge_diverge,6.5,0,95.0,77.5,5.0,peripheral
converge_diverge,6.5,1,95.0,42.5,5.0,peripheral
converge_diverge,6.5,2,77.5,60.0,5.0,relay_anchor
converge_diverge,6.5,3,112.5,67.0,5.385,peripheral
converge_diverge,6.5,4,112.5,53.0,5.385,peripheral
converge_diverge,7.0,0,95.0,75.0,5.0,peripheral
converge_diverge,7.0,1,95.0,45.0,5.0,peripheral
converge_diverge,7.0,2,80.0,60.0,5.0,relay_anchor
converge_diverge,7.0,3,110.0,66.0,5.385,peripheral
converge_diverge,7.0,4,110.0,54.0,5.385,peripheral
converge_diverge,7.5,0,95.0,72.5,5.0,peripheral
converge_diverge,7.5,1,95.0,47.5,5.0,peripheral
converge_diverge,7.5,2,82.5,60.0,5.0,relay_anchor
converge_diverge,7.5,3,107.5,65.0,5.385,peripheral
converge_diverge,7.5,4,107.5,55.0,5.385,peripheral
converge_diverge,8.0,0,95.0,70.0,5.0,peripheral
converge_diverge,8.0,1,95.0,50.0,5.0,peripheral
converge_diverge,8.0,2,85.0,60.0,5.0,relay_anchor
converge_diverge,8.0,3,105.0,64.0,5.385,peripheral
converge_diverge,8.0,4,105.0,56.0,5.385,peripheral
converge_diverge,8.5,0,95.0,67.5,5.0,peripheral
converge_diverge,8.5,1,95.0,52.5,5.0,peripheral
converge_diverge,8.5,2,87.5,60.0,5.0,relay_anchor
converge_diverge,8.5,3,102.5,63.0,5.385,peripheral
converge_diverge,8.5,4,102.5,57.0,5.385,peripheral
converge_diverge,9.0,0,95.0,65.0,5.0,peripheral
converge_diverge,9.0,1,95.0,55.0,5.0,peripheral
converge_diverge,9.0,2,90.0,60.0,5.0,relay_anchor
converge_diverge,9.0,3,100.0,62.0,5.385,peripheral
converge_diverge,9.0,4,100.0,58.0,5.385,peripheral
converge_diverge,9.5,0,95.0,62.5,5.0,peripheral
converge_diverge,9.5,1,95.0,57.5,5.0,peripheral
converge_diverge,9.5,2,92.5,60.0,5.0,relay_anchor
converge_diverge,9.5,3,97.5,61.0,5.385,peripheral
converge_diverge,9.5,4,97.5,59.0,5.385,peripheral
converge_diverge,10.0,0,95.0,60.0,5.0,peripheral
converge_diverge,10.0,1,95.0,60.0,5.0,peripheral
converge_diverge,10.0,2,95.0,60.0,5.0,relay_anchor
converge_diverge,10.0,3,95.0,60.0,5.385,peripheral
converge_diverge,10.0,4,95.0,60.0,5.385,peripheral
converge_diverge,10.5,0,95.0,62.5,5.0,peripheral
converge_diverge,10.5,1,95.0,57.5,5.0,peripheral
converge_diverge,10.5,2,92.5,60.0,5.0,relay_anchor
converge_diverge,10.5,3,97.5,61.0,5.385,peripheral
converge_diverge,10.5,4,97.5,59.0,5.385,peripheral
converge_diverge,11.0,0,95.0,65.0,5.0,peripheral
converge_diverge,11.0,1,95.0,55.0,5.0,peripheral
converge_diverge,11.0,2,90.0,60.0,5.0,relay_anchor
converge_diverge,11.0,3,100.0,62.0,5.385,peripheral
converge_diverge,11.0,4,100.0,58.0,5.385,peripheral
converge_diverge,11.5,0,95.0,67.5,5.0,peripheral
converge_diverge,11.5,1,95.0,52.5,5.0,peripheral
converge_diverge,11.5,2,87.5,60.0,5.0,relay_anchor
converge_diverge,11.5,3,102.5,63.0,5.385,peripheral
converge_diverge,11.5,4,102.5,57.0,5.385,peripheral
converge_diverge,12.0,0,95.0,70.0,5.0,peripheral
converge_diverge,12.0,1,95.0,50.0,5.0,peripheral
converge_diverge,12.0,2,85.0,60.0,5.0,relay_anchor
converge_diverge,12.0,3,105.0,64.0,5.385,peripheral
converge_diverge,12.0,4,105.0,56.0,5.385,peripheral
converge_diverge,12.5,0,95.0,72.5,5.0,peripheral
converge_diverge,12.5,1,95.0,47.5,5.0,peripheral
converge_diverge,12.5,2,82.5,60.0,5.0,relay_anchor
converge_diverge,12.5,3,107.5,65.0,5.385,peripheral
converge_diverge,12.5,4,107.5,55.0,5.385,peripheral
converge_diverge,13.0,0,95.0,75.0,5.0,peripheral
converge_diverge,13.0,1,95.0,45.0,5.0,peripheral
converge_diverge,13.0,2,80.0,60.0,5.0,relay_anchor
converge_diverge,13.0,3,110.0,66.0,5.385,peripheral
converge_diverge,13.0,4,110.0,54.0,5.385,peripheral
converge_diverge,13.5,0,95.0,77.5,5.0,peripheral
converge_diverge,13.5,1,95.0,42.5,5.0,peripheral
converge_diverge,13.5,2,77.5,60.0,5.0,relay_anchor
converge_diverge,13.5,3,112.5,67.0,5.385,peripheral
converge_diverge,13.5,4,112.5,53.0,5.385,peripheral
converge_diverge,14.0,0,95.0,80.0,5.0,peripheral
converge_diverge,14.0,1,95.0,40.0,5.0,peripheral
converge_diverge,14.0,2,75.0,60.0,5.0,relay_anchor
converge_diverge,14.0,3,115.0,68.0,5.385,peripheral
converge_diverge,14.0,4,115.0,52.0,5.385,peripheral
converge_diverge,14.5,0,95.0,82.5,5.0,peripheral
converge_diverge,14.5,1,95.0,37.5,5.0,peripheral
converge_diverge,14.5,2,72.5,60.0,5.0,relay_anchor
converge_diverge,14.5,3,117.5,69.0,5.385,peripheral
converge_diverge,14.5,4,117.5,51.0,5.385,peripheral
converge_diverge,15.0,0,95.0,85.0,5.0,peripheral
converge_diverge,15.0,1,95.0,35.0,5.0,peripheral
converge_diverge,15.0,2,70.0,60.0,5.0,relay_anchor
converge_diverge,15.0,3,120.0,70.0,5.385,peripheral
converge_diverge,15.0,4,120.0,50.0,5.385,peripheral
converge_diverge,15.5,0,95.0,87.5,5.0,peripheral
converge_diverge,15.5,1,95.0,32.5,5.0,peripheral
converge_diverge,15.5,2,67.5,60.0,5.0,relay_anchor
converge_diverge,15.5,3,122.5,71.0,5.385,peripheral
converge_diverge,15.5,4,122.5,49.0,5.385,peripheral
converge_diverge,16.0,0,95.0,90.0,5.0,peripheral
converge_diverge,16.0,1,95.0,30.0,5.0,peripheral
converge_diverge,16.0,2,65.0,60.0,5.0,relay_anchor
converge_diverge,16.0,3,125.0,72.0,5.385,peripheral
converge_diverge,16.0,4,125.0,48.0,5.385,peripheral
converge_diverge,16.5,0,95.0,92.5,5.0,peripheral
converge_diverge,16.5,1,95.0,27.5,5.0,peripheral
converge_diverge,16.5,2,62.5,60.0,5.0,relay_anchor
converge_diverge,16.5,3,127.5,73.0,5.385,peripheral
converge_diverge,16.5,4,127.5,47.0,5.385,peripheral
converge_diverge,17.0,0,95.0,95.0,5.0,peripheral
converge_diverge,17.0,1,95.0,25.0,5.0,peripheral
converge_diverge,17.0,2,60.0,60.0,5.0,relay_anchor
converge_diverge,17.0,3,130.0,74.0,5.385,peripheral
converge_diverge,17.0,4,130.0,46.0,5.385,peripheral
converge_diverge,17.5,0,95.0,97.5,5.0,peripheral
converge_diverge,17.5,1,95.0,22.5,5.0,peripheral
converge_diverge,17.5,2,57.5,60.0,5.0,relay_anchor
converge_diverge,17.5,3,132.5,75.0,5.385,peripheral
converge_diverge,17.5,4,132.5,45.0,5.385,peripheral
converge_diverge,18.0,0,95.0,100.0,5.0,peripheral
converge_diverge,18.0,1,95.0,20.0,5.0,peripheral
converge_diverge,18.0,2,55.0,60.0,5.0,relay_anchor
converge_diverge,18.0,3,135.0,76.0,5.385,peripheral
converge_diverge,18.0,4,135.0,44.0,5.385,peripheral
converge_diverge,18.5,0,95.0,102.5,5.0,peripheral
converge_diverge,18.5,1,95.0,17.5,5.0,peripheral
converge_diverge,18.5,2,52.5,60.0,5.0,relay_anchor
converge_diverge,18.5,3,137.5,77.0,5.385,peripheral
converge_diverge,18.5,4,137.5,43.0,5.385,peripheral
converge_diverge,19.0,0,95.0,105.0,5.0,peripheral
converge_diverge,19.0,1,95.0,15.0,5.0,peripheral
converge_diverge,19.0,2,50.0,60.0,5.0,relay_anchor
converge_diverge,19.0,3,140.0,78.0,5.385,peripheral
converge_diverge,19.0,4,140.0,42.0,5.385,peripheral
converge_diverge,19.5,0,95.0,107.5,5.0,peripheral
converge_diverge,19.5,1,95.0,12.5,5.0,peripheral
converge_diverge,19.5,2,47.5,60.0,5.0,relay_anchor
converge_diverge,19.5,3,142.5,79.0,5.385,peripheral
converge_diverge,19.5,4,142.5,41.0,5.385,peripheral
converge_diverge,20.0,0,95.0,110.0,5.0,peripheral
converge_diverge,20.0,1,95.0,10.0,5.0,peripheral
converge_diverge,20.0,2,45.0,60.0,5.0,relay_anchor
converge_diverge,20.0,3,145.0,80.0,5.385,peripheral
converge_diverge,20.0,4,145.0,40.0,5.385,peripheral
slow_separation,0.0,0,95.0,70.0,3.01,peripheral
slow_separation,0.0,1,95.0,50.0,3.01,peripheral
slow_separation,0.0,2,95.0,60.0,0.0,relay_anchor
slow_separation,0.0,3,95.0,65.0,3.01,peripheral
slow_separation,0.0,4,95.0,55.0,3.01,peripheral
slow_separation,0.5,0,96.5,70.125,3.01,peripheral
slow_separation,0.5,1,96.5,49.875,3.01,peripheral
slow_separation,0.5,2,95.0,60.0,0.0,relay_anchor
slow_separation,0.5,3,93.5,65.125,3.01,peripheral
slow_separation,0.5,4,93.5,54.875,3.01,peripheral
slow_separation,1.0,0,98.0,70.25,3.01,peripheral
slow_separation,1.0,1,98.0,49.75,3.01,peripheral
slow_separation,1.0,2,95.0,60.0,0.0,relay_anchor
slow_separation,1.0,3,92.0,65.25,3.01,peripheral
slow_separation,1.0,4,92.0,54.75,3.01,peripheral
slow_separation,1.5,0,99.5,70.375,3.01,peripheral
slow_separation,1.5,1,99.5,49.625,3.01,peripheral
slow_separation,1.5,2,95.0,60.0,0.0,relay_anchor
slow_separation,1.5,3,90.5,65.375,3.01,peripheral
slow_separation,1.5,4,90.5,54.625,3.01,peripheral
slow_separation,2.0,0,101.0,70.5,3.01,peripheral
slow_separation,2.0,1,101.0,49.5,3.01,peripheral
slow_separation,2.0,2,95.0,60.0,0.0,relay_anchor
slow_separation,2.0,3,89.0,65.5,3.01,peripheral
slow_separation,2.0,4,89.0,54.5,3.01,peripheral
slow_separation,2.5,0,102.5,70.625,3.01,peripheral
slow_separation,2.5,1,102.5,49.375,3.01,peripheral
slow_separation,2.5,2,95.0,60.0,0.0,relay_anchor
slow_separation,2.5,3,87.5,65.625,3.01,peripheral
slow_separation,2.5,4,87.5,54.375,3.01,peripheral
slow_separation,3.0,0,104.0,70.75,3.01,peripheral
slow_separation,3.0,1,104.0,49.25,3.01,peripheral
slow_separation,3.0,2,95.0,60.0,0.0,relay_anchor
slow_separation,3.0,3,86.0,65.75,3.01,peripheral
slow_separation,3.0,4,86.0,54.25,3.01,peripheral
slow_separation,3.5,0,105.5,70.875,3.01,peripheral
slow_separation,3.5,1,105.5,49.125,3.01,peripheral
slow_separation,3.5,2,95.0,60.0,0.0,relay_anchor
slow_separation,3.5,3,84.5,65.875,3.01,peripheral
slow_separation,3.5,4,84.5,54.125,3.01,peripheral
slow_separation,4.0,0,107.0,71.0,3.01,peripheral
slow_separation,4.0,1,107.0,49.0,3.01,peripheral
slow_separation,4.0,2,95.0,60.0,0.0,relay_anchor
slow_separation,4.0,3,83.0,66.0,3.01,peripheral
slow_separation,4.0,4,83.0,54.0,3.01,peripheral
slow_separation,4.5,0,108.5,71.125,3.01,peripheral
slow_separation,4.5,1,108.5,48.875,3.01,peripheral
slow_separation,4.5,2,95.0,60.0,0.0,relay_anchor
slow_separation,4.5,3,81.5,66.125,3.01,peripheral
slow_separation,4.5,4,81.5,53.875,3.01,peripheral
slow_separation,5.0,0,110.0,71.25,3.01,peripheral
slow_separation,5.0,1,110.0,48.75,3.01,peripheral
slow_separation,5.0,2,95.0,60.0,0.0,relay_anchor
slow_separation,5.0,3,80.0,66.25,3.01,peripheral
slow_separation,5.0,4,80.0,53.75,3.01,peripheral
slow_separation,5.5,0,111.5,71.375,3.01,peripheral
slow_separation,5.5,1,111.5,48.625,3.01,peripheral
slow_separation,5.5,2,95.0,60.0,0.0,relay_anchor
slow_separation,5.5,3,78.5,66.375,3.01,peripheral
slow_separation,5.5,4,78.5,53.625,3.01,peripheral
slow_separation,6.0,0,113.0,71.5,3.01,peripheral
slow_separation,6.0,1,113.0,48.5,3.01,peripheral
slow_separation,6.0,2,95.0,60.0,0.0,relay_anchor
slow_separation,6.0,3,77.0,66.5,3.01,peripheral
slow_separation,6.0,4,77.0,53.5,3.01,peripheral
slow_separation,6.5,0,114.5,71.625,3.01,peripheral
slow_separation,6.5,1,114.5,48.375,3.01,peripheral
slow_separation,6.5,2,95.0,60.0,0.0,relay_anchor
slow_separation,6.5,3,75.5,66.625,3.01,peripheral
slow_separation,6.5,4,75.5,53.375,3.01,peripheral
slow_separation,7.0,0,116.0,71.75,3.01,peripheral
slow_separation,7.0,1,116.0,48.25,3.01,peripheral
slow_separation,7.0,2,95.0,60.0,0.0,relay_anchor
slow_separation,7.0,3,74.0,66.75,3.01,peripheral
slow_separation,7.0,4,74.0,53.25,3.01,peripheral
slow_separation,7.5,0,117.5,71.875,3.01,peripheral
slow_separation,7.5,1,117.5,48.125,3.01,peripheral
slow_separation,7.5,2,95.0,60.0,0.0,relay_anchor
slow_separation,7.5,3,72.5,66.875,3.01,peripheral
slow_separation,7.5,4,72.5,53.125,3.01,peripheral
slow_separation,8.0,0,119.0,72.0,3.01,peripheral
slow_separation,8.0,1,119.0,48.0,3.01,peripheral
slow_separation,8.0,2,95.0,60.0,0.0,relay_anchor
slow_separation,8.0,3,71.0,67.0,3.01,peripheral
slow_separation,8.0,4,71.0,53.0,3.01,peripheral
slow_separation,8.5,0,120.5,72.125,3.01,peripheral
slow_separation,8.5,1,120.5,47.875,3.01,peripheral
slow_separation,8.5,2,95.0,60.0,0.0,relay_anchor
slow_separation,8.5,3,69.5,67.125,3.01,peripheral
slow_separation,8.5,4,69.5,52.875,3.01,peripheral
slow_separation,9.0,0,122.0,72.25,3.01,peripheral
slow_separation,9.0,1,122.0,47.75,3.01,peripheral
slow_separation,9.0,2,95.0,60.0,0.0,relay_anchor
slow_separation,9.0,3,68.0,67.25,3.01,peripheral
slow_separation,9.0,4,68.0,52.75,3.01,peripheral
slow_separation,9.5,0,123.5,72.375,3.01,peripheral
slow_separation,9.5,1,123.5,47.625,3.01,peripheral
slow_separation,9.5,2,95.0,60.0,0.0,relay_anchor
slow_separation,9.5,3,66.5,67.375,3.01,peripheral
slow_separation,9.5,4,66.5,52.625,3.01,peripheral
slow_separation,10.0,0,125.0,72.5,3.01,peripheral
slow_separation,10.0,1,125.0,47.5,3.01,peripheral
slow_separation,10.0,2,95.0,60.0,0.0,relay_anchor
slow_separation,10.0,3,65.0,67.5,3.01,peripheral
slow_separation,10.0,4,65.0,52.5,3.01,peripheral
slow_separation,10.5,0,126.5,72.625,3.01,peripheral
slow_separation,10.5,1,126.5,47.375,3.01,peripheral
slow_separation,10.5,2,95.0,60.0,0.0,relay_anchor
slow_separation,10.5,3,63.5,67.625,3.01,peripheral
slow_separation,10.5,4,63.5,52.375,3.01,peripheral
slow_separation,11.0,0,128.0,72.75,3.01,peripheral
slow_separation,11.0,1,128.0,47.25,3.01,peripheral
slow_separation,11.0,2,95.0,60.0,0.0,relay_anchor
slow_separation,11.0,3,62.0,67.75,3.01,peripheral
slow_separation,11.0,4,62.0,52.25,3.01,peripheral
slow_separation,11.5,0,129.5,72.875,3.01,peripheral
slow_separation,11.5,1,129.5,47.125,3.01,peripheral
slow_separation,11.5,2,95.0,60.0,0.0,relay_anchor
slow_separation,11.5,3,60.5,67.875,3.01,peripheral
slow_separation,11.5,4,60.5,52.125,3.01,peripheral
slow_separation,12.0,0,131.0,73.0,3.01,peripheral
slow_separation,12.0,1,131.0,47.0,3.01,peripheral
slow_separation,12.0,2,95.0,60.0,0.0,relay_anchor
slow_separation,12.0,3,59.0,68.0,3.01,peripheral
slow_separation,12.0,4,59.0,52.0,3.01,peripheral
slow_separation,12.5,0,132.5,73.125,3.01,peripheral
slow_separation,12.5,1,132.5,46.875,3.01,peripheral
slow_separation,12.5,2,95.0,60.0,0.0,relay_anchor
slow_separation,12.5,3,57.5,68.125,3.01,peripheral
slow_separation,12.5,4,57.5,51.875,3.01,peripheral
slow_separation,13.0,0,134.0,73.25,3.01,peripheral
slow_separation,13.0,1,134.0,46.75,3.01,peripheral
slow_separation,13.0,2,95.0,60.0,0.0,relay_anchor
slow_separation,13.0,3,56.0,68.25,3.01,peripheral
slow_separation,13.0,4,56.0,51.75,3.01,peripheral
slow_separation,13.5,0,135.5,73.375,3.01,peripheral
slow_separation,13.5,1,135.5,46.625,3.01,peripheral
slow_separation,13.5,2,95.0,60.0,0.0,relay_anchor
slow_separation,13.5,3,54.5,68.375,3.01,peripheral
slow_separation,13.5,4,54.5,51.625,3.01,peripheral
slow_separation,14.0,0,137.0,73.5,3.01,peripheral
slow_separation,14.0,1,137.0,46.5,3.01,peripheral
slow_separation,14.0,2,95.0,60.0,0.0,relay_anchor
slow_separation,14.0,3,53.0,68.5,3.01,peripheral
slow_separation,14.0,4,53.0,51.5,3.01,peripheral
slow_separation,14.5,0,138.5,73.625,3.01,peripheral
slow_separation,14.5,1,138.5,46.375,3.01,peripheral
slow_separation,14.5,2,95.0,60.0,0.0,relay_anchor
slow_separation,14.5,3,51.5,68.625,3.01,peripheral
slow_separation,14.5,4,51.5,51.375,3.01,peripheral
slow_separation,15.0,0,140.0,73.75,3.01,peripheral
slow_separation,15.0,1,140.0,46.25,3.01,peripheral
slow_separation,15.0,2,95.0,60.0,0.0,relay_anchor
slow_separation,15.0,3,50.0,68.75,3.01,peripheral
slow_separation,15.0,4,50.0,51.25,3.01,peripheral
slow_separation,15.5,0,141.5,73.875,3.01,peripheral
slow_separation,15.5,1,141.5,46.125,3.01,peripheral
slow_separation,15.5,2,95.0,60.0,0.0,relay_anchor
slow_separation,15.5,3,48.5,68.875,3.01,peripheral
slow_separation,15.5,4,48.5,51.125,3.01,peripheral
slow_separation,16.0,0,143.0,74.0,3.01,peripheral
slow_separation,16.0,1,143.0,46.0,3.01,peripheral
slow_separation,16.0,2,95.0,60.0,0.0,relay_anchor
slow_separation,16.0,3,47.0,69.0,3.01,peripheral
slow_separation,16.0,4,47.0,51.0,3.01,peripheral
slow_separation,16.5,0,144.5,74.125,3.01,peripheral
slow_separation,16.5,1,144.5,45.875,3.01,peripheral
slow_separation,16.5,2,95.0,60.0,0.0,relay_anchor
slow_separation,16.5,3,45.5,69.125,3.01,peripheral
slow_separation,16.5,4,45.5,50.875,3.01,peripheral
slow_separation,17.0,0,146.0,74.25,3.01,peripheral
slow_separation,17.0,1,146.0,45.75,3.01,peripheral
slow_separation,17.0,2,95.0,60.0,0.0,relay_anchor
slow_separation,17.0,3,44.0,69.25,3.01,peripheral
slow_separation,17.0,4,44.0,50.75,3.01,peripheral
slow_separation,17.5,0,147.5,74.375,3.01,peripheral
slow_separation,17.5,1,147.5,45.625,3.01,peripheral
slow_separation,17.5,2,95.0,60.0,0.0,relay_anchor
slow_separation,17.5,3,42.5,69.375,3.01,peripheral
slow_separation,17.5,4,42.5,50.625,3.01,peripheral
slow_separation,18.0,0,149.0,74.5,3.01,peripheral
slow_separation,18.0,1,149.0,45.5,3.01,peripheral
slow_separation,18.0,2,95.0,60.0,0.0,relay_anchor
slow_separation,18.0,3,41.0,69.5,3.01,peripheral
slow_separation,18.0,4,41.0,50.5,3.01,peripheral
slow_separation,18.5,0,150.5,74.625,3.01,peripheral
slow_separation,18.5,1,150.5,45.375,3.01,peripheral
slow_separation,18.5,2,95.0,60.0,0.0,relay_anchor
slow_separation,18.5,3,39.5,69.625,3.01,peripheral
slow_separation,18.5,4,39.5,50.375,3.01,peripheral
slow_separation,19.0,0,152.0,74.75,3.01,peripheral
slow_separation,19.0,1,152.0,45.25,3.01,peripheral
slow_separation,19.0,2,95.0,60.0,0.0,relay_anchor
slow_separation,19.0,3,38.0,69.75,3.01,peripheral
slow_separation,19.0,4,38.0,50.25,3.01,peripheral
slow_separation,19.5,0,153.5,74.875,3.01,peripheral
slow_separation,19.5,1,153.5,45.125,3.01,peripheral
slow_separation,19.5,2,95.0,60.0,0.0,relay_anchor
slow_separation,19.5,3,36.5,69.875,3.01,peripheral
slow_separation,19.5,4,36.5,50.125,3.01,peripheral
slow_separation,20.0,0,155.0,75.0,3.01,peripheral
slow_separation,20.0,1,155.0,45.0,3.01,peripheral
slow_separation,20.0,2,95.0,60.0,0.0,relay_anchor
slow_separation,20.0,3,35.0,70.0,3.01,peripheral
slow_separation,20.0,4,35.0,50.0,3.01,peripheral
slow_separation,20.5,0,156.5,75.125,3.01,peripheral
slow_separation,20.5,1,156.5,44.875,3.01,peripheral
slow_separation,20.5,2,95.0,60.0,0.0,relay_anchor
slow_separation,20.5,3,33.5,70.125,3.01,peripheral
slow_separation,20.5,4,33.5,49.875,3.01,peripheral
slow_separation,21.0,0,158.0,75.25,3.01,peripheral
slow_separation,21.0,1,158.0,44.75,3.01,peripheral
slow_separation,21.0,2,95.0,60.0,0.0,relay_anchor
slow_separation,21.0,3,32.0,70.25,3.01,peripheral
slow_separation,21.0,4,32.0,49.75,3.01,peripheral
slow_separation,21.5,0,159.5,75.375,3.01,peripheral
slow_separation,21.5,1,159.5,44.625,3.01,peripheral
slow_separation,21.5,2,95.0,60.0,0.0,relay_anchor
slow_separation,21.5,3,30.5,70.375,3.01,peripheral
slow_separation,21.5,4,30.5,49.625,3.01,peripheral
slow_separation,22.0,0,161.0,75.5,3.01,peripheral
slow_separation,22.0,1,161.0,44.5,3.01,peripheral
slow_separation,22.0,2,95.0,60.0,0.0,relay_anchor
slow_separation,22.0,3,29.0,70.5,3.01,peripheral
slow_separation,22.0,4,29.0,49.5,3.01,peripheral
slow_separation,22.5,0,162.5,75.625,3.01,peripheral
slow_separation,22.5,1,162.5,44.375,3.01,peripheral
slow_separation,22.5,2,95.0,60.0,0.0,relay_anchor
slow_separation,22.5,3,27.5,70.625,3.01,peripheral
slow_separation,22.5,4,27.5,49.375,3.01,peripheral
slow_separation,23.0,0,164.0,75.75,3.01,peripheral
slow_separation,23.0,1,164.0,44.25,3.01,peripheral
slow_separation,23.0,2,95.0,60.0,0.0,relay_anchor
slow_separation,23.0,3,26.0,70.75,3.01,peripheral
slow_separation,23.0,4,26.0,49.25,3.01,peripheral
slow_separation,23.5,0,165.5,75.875,3.01,peripheral
slow_separation,23.5,1,165.5,44.125,3.01,peripheral
slow_separation,23.5,2,95.0,60.0,0.0,relay_anchor
slow_separation,23.5,3,24.5,70.875,3.01,peripheral
slow_separation,23.5,4,24.5,49.125,3.01,peripheral
slow_separation,24.0,0,167.0,76.0,3.01,peripheral
slow_separation,24.0,1,167.0,44.0,3.01,peripheral
slow_separation,24.0,2,95.0,60.0,0.0,relay_anchor
slow_separation,24.0,3,23.0,71.0,3.01,peripheral
slow_separation,24.0,4,23.0,49.0,3.01,peripheral
slow_separation,24.5,0,168.5,76.125,3.01,peripheral
slow_separation,24.5,1,168.5,43.875,3.01,peripheral
slow_separation,24.5,2,95.0,60.0,0.0,relay_anchor
slow_separation,24.5,3,21.5,71.125,3.01,peripheral
slow_separation,24.5,4,21.5,48.875,3.01,peripheral
slow_separation,25.0,0,170.0,76.25,3.01,peripheral
slow_separation,25.0,1,170.0,43.75,3.01,peripheral
slow_separation,25.0,2,95.0,60.0,0.0,relay_anchor
slow_separation,25.0,3,20.0,71.25,3.01,peripheral
slow_separation,25.0,4,20.0,48.75,3.01,peripheral
slow_separation,25.5,0,171.5,76.375,3.01,peripheral
slow_separation,25.5,1,171.5,43.625,3.01,peripheral
slow_separation,25.5,2,95.0,60.0,0.0,relay_anchor
slow_separation,25.5,3,18.5,71.375,3.01,peripheral
slow_separation,25.5,4,18.5,48.625,3.01,peripheral
slow_separation,26.0,0,173.0,76.5,3.01,peripheral
slow_separation,26.0,1,173.0,43.5,3.01,peripheral
slow_separation,26.0,2,95.0,60.0,0.0,relay_anchor
slow_separation,26.0,3,17.0,71.5,3.01,peripheral
slow_separation,26.0,4,17.0,48.5,3.01,peripheral
slow_separation,26.5,0,174.5,76.625,3.01,peripheral
slow_separation,26.5,1,174.5,43.375,3.01,peripheral
slow_separation,26.5,2,95.0,60.0,0.0,relay_anchor
slow_separation,26.5,3,15.5,71.625,3.01,peripheral
slow_separation,26.5,4,15.5,48.375,3.01,peripheral
slow_separation,27.0,0,176.0,76.75,3.01,peripheral
slow_separation,27.0,1,176.0,43.25,3.01,peripheral
slow_separation,27.0,2,95.0,60.0,0.0,relay_anchor
slow_separation,27.0,3,14.0,71.75,3.01,peripheral
slow_separation,27.0,4,14.0,48.25,3.01,peripheral
slow_separation,27.5,0,177.5,76.875,3.01,peripheral
slow_separation,27.5,1,177.5,43.125,3.01,peripheral
slow_separation,27.5,2,95.0,60.0,0.0,relay_anchor
slow_separation,27.5,3,12.5,71.875,3.01,peripheral
slow_separation,27.5,4,12.5,48.125,3.01,peripheral
slow_separation,28.0,0,179.0,77.0,3.01,peripheral
slow_separation,28.0,1,179.0,43.0,3.01,peripheral
slow_separation,28.0,2,95.0,60.0,0.0,relay_anchor
slow_separation,28.0,3,11.0,72.0,3.01,peripheral
slow_separation,28.0,4,11.0,48.0,3.01,peripheral
slow_separation,28.5,0,180.5,77.125,3.01,peripheral
slow_separation,28.5,1,180.5,42.875,3.01,peripheral
slow_separation,28.5,2,95.0,60.0,0.0,relay_anchor
slow_separation,28.5,3,9.5,72.125,3.01,peripheral
slow_separation,28.5,4,9.5,47.875,3.01,peripheral
slow_separation,29.0,0,182.0,77.25,3.01,peripheral
slow_separation,29.0,1,182.0,42.75,3.01,peripheral
slow_separation,29.0,2,95.0,60.0,0.0,relay_anchor
slow_separation,29.0,3,8.0,72.25,3.01,peripheral
slow_separation,29.0,4,8.0,47.75,3.01,peripheral
slow_separation,29.5,0,183.5,77.375,3.01,peripheral
slow_separation,29.5,1,183.5,42.625,3.01,peripheral
slow_separation,29.5,2,95.0,60.0,0.0,relay_anchor
slow_separation,29.5,3,6.5,72.375,3.01,peripheral
slow_separation,29.5,4,6.5,47.625,3.01,peripheral
slow_separation,30.0,0,185.0,77.5,3.01,peripheral
slow_separation,30.0,1,185.0,42.5,3.01,peripheral
slow_separation,30.0,2,95.0,60.0,0.0,relay_anchor
slow_separation,30.0,3,5.0,72.5,3.01,peripheral
slow_separation,30.0,4,5.0,47.5,3.01,peripheral
orbit,0.0,0,100.0,110.0,10.0,peripheral
orbit,0.0,1,100.0,10.0,10.0,peripheral
orbit,0.0,2,100.0,60.0,0.0,relay_anchor
orbit,0.0,3,150.0,60.0,10.0,peripheral
orbit,0.0,4,50.0,60.0,10.0,peripheral
orbit,0.5,0,95.008,109.75,10.0,peripheral
orbit,0.5,1,104.992,10.25,10.0,peripheral
orbit,0.5,2,100.0,60.0,0.0,relay_anchor
orbit,0.5,3,149.75,64.992,10.0,peripheral
orbit,0.5,4,50.25,55.008,10.0,peripheral
orbit,1.0,0,90.067,109.003,10.0,peripheral
orbit,1.0,1,109.933,10.997,10.0,peripheral
orbit,1.0,2,100.0,60.0,0.0,relay_anchor
orbit,1.0,3,149.003,69.933,10.0,peripheral
orbit,1.0,4,50.997,50.067,10.0,peripheral
orbit,1.5,0,85.224,107.767,10.0,peripheral
orbit,1.5,1,114.776,12.233,10.0,peripheral
orbit,1.5,2,100.0,60.0,0.0,relay_anchor
orbit,1.5,3,147.767,74.776,10.0,peripheral
orbit,1.5,4,52.233,45.224,10.0,peripheral
orbit,2.0,0,80.529,106.053,10.0,peripheral
orbit,2.0,1,119.471,13.947,10.0,peripheral
orbit,2.0,2,100.0,60.0,0.0,relay_anchor
orbit,2.0,3,146.053,79.471,10.0,peripheral
orbit,2.0,4,53.947,40.529,10.0,peripheral
orbit,2.5,0,76.029,103.879,10.0,peripheral
orbit,2.5,1,123.971,16.121,10.0,peripheral
orbit,2.5,2,100.0,60.0,0.0,relay_anchor
orbit,2.5,3,143.879,83.971,10.0,peripheral
orbit,2.5,4,56.121,36.029,10.0,peripheral
orbit,3.0,0,71.768,101.267,10.0,peripheral
orbit,3.0,1,128.232,18.733,10.0,peripheral
orbit,3.0,2,100.0,60.0,0.0,relay_anchor
orbit,3.0,3,141.267,88.232,10.0,peripheral
orbit,3.0,4,58.733,31.768,10.0,peripheral
orbit,3.5,0,67.789,98.242,10.0,peripheral
orbit,3.5,1,132.211,21.758,10.0,peripheral
orbit,3.5,2,100.0,60.0,0.0,relay_anchor
orbit,3.5,3,138.242,92.211,10.0,peripheral
orbit,3.5,4,61.758,27.789,10.0,peripheral
orbit,4.0,0,64.132,94.835,10.0,peripheral
orbit,4.0,1,135.868,25.165,10.0,peripheral
orbit,4.0,2,100.0,60.0,0.0,relay_anchor
orbit,4.0,3,134.835,95.868,10.0,peripheral
orbit,4.0,4,65.165,24.132,10.0,peripheral
orbit,4.5,0,60.834,91.08,10.0,peripheral
orbit,4.5,1,139.166,28.92,10.0,peripheral
orbit,4.5,2,100.0,60.0,0.0,relay_anchor
orbit,4.5,3,131.08,99.166,10.0,peripheral
orbit,4.5,4,68.92,20.834,10.0,peripheral
orbit,5.0,0,57.926,87.015,10.0,peripheral
orbit,5.0,1,142.074,32.985,10.0,peripheral
orbit,5.0,2,100.0,60.0,0.0,relay_anchor
orbit,5.0,3,127.015,102.074,10.0,peripheral
orbit,5.0,4,72.985,17.926,10.0,peripheral
orbit,5.5,0,55.44,82.68,10.0,peripheral
orbit,5.5,1,144.56,37.32,10.0,peripheral
orbit,5.5,2,100.0,60.0,0.0,relay_anchor
orbit,5.5,3,122.68,104.56,10.0,peripheral
orbit,5.5,4,77.32,15.44,10.0,peripheral
orbit,6.0,0,53.398,78.118,10.0,peripheral
orbit,6.0,1,146.602,41.882,10.0,peripheral
orbit,6.0,2,100.0,60.0,0.0,relay_anchor
orbit,6.0,3,118.118,106.602,10.0,peripheral
orbit,6.0,4,81.882,13.398,10.0,peripheral
orbit,6.5,0,51.822,73.375,10.0,peripheral
orbit,6.5,1,148.178,46.625,10.0,peripheral
orbit,6.5,2,100.0,60.0,0.0,relay_anchor
orbit,6.5,3,113.375,108.178,10.0,peripheral
orbit,6.5,4,86.625,11.822,10.0,peripheral
orbit,7.0,0,50.728,68.498,10.0,peripheral
orbit,7.0,1,149.272,51.502,10.0,peripheral
orbit,7.0,2,100.0,60.0,0.0,relay_anchor
orbit,7.0,3,108.498,109.272,10.0,peripheral
orbit,7.0,4,91.502,10.728,10.0,peripheral
orbit,7.5,0,50.125,63.537,10.0,peripheral
orbit,7.5,1,149.875,56.463,10.0,peripheral
orbit,7.5,2,100.0,60.0,0.0,relay_anchor
orbit,7.5,3,103.537,109.875,10.0,peripheral
orbit,7.5,4,96.463,10.125,10.0,peripheral
orbit,8.0,0,50.021,58.54,10.0,peripheral
orbit,8.0,1,149.979,61.46,10.0,peripheral
orbit,8.0,2,100.0,60.0,0.0,relay_anchor
orbit,8.0,3,98.54,109.979,10.0,peripheral
orbit,8.0,4,101.46,10.021,10.0,peripheral
orbit,8.5,0,50.417,53.558,10.0,peripheral
orbit,8.5,1,149.583,66.442,10.0,peripheral
orbit,8.5,2,100.0,60.0,0.0,relay_anchor
orbit,8.5,3,93.558,109.583,10.0,peripheral
orbit,8.5,4,106.442,10.417,10.0,peripheral
orbit,9.0,0,51.308,48.64,10.0,peripheral
orbit,9.0,1,148.692,71.36,10.0,peripheral
orbit,9.0,2,100.0,60.0,0.0,relay_anchor
orbit,9.0,3,88.64,108.692,10.0,peripheral
orbit,9.0,4,111.36,11.308,10.0,peripheral
orbit,9.5,0,52.685,43.836,10.0,peripheral
orbit,9.5,1,147.315,76.164,10.0,peripheral
orbit,9.5,2,100.0,60.0,0.0,relay_anchor
orbit,9.5,3,83.836,107.315,10.0,peripheral
orbit,9.5,4,116.164,12.685,10.0,peripheral
orbit,10.0,0,54.535,39.193,10.0,peripheral
orbit,10.0,1,145.465,80.807,10.0,peripheral
orbit,10.0,2,100.0,60.0,0.0,relay_anchor
orbit,10.0,3,79.193,105.465,10.0,peripheral
orbit,10.0,4,120.807,14.535,10.0,peripheral
orbit,10.5,0,56.84,34.758,10.0,peripheral
orbit,10.5,1,143.16,85.242,10.0,peripheral
orbit,10.5,2,100.0,60.0,0.0,relay_anchor
orbit,10.5,3,74.758,103.16,10.0,peripheral
orbit,10.5,4,125.242,16.84,10.0,peripheral
orbit,11.0,0,59.575,30.575,10.0,peripheral
orbit,11.0,1,140.425,89.425,10.0,peripheral
orbit,11.0,2,100.0,60.0,0.0,relay_anchor
orbit,11.0,3,70.575,100.425,10.0,peripheral
orbit,11.0,4,129.425,19.575,10.0,peripheral
orbit,11.5,0,62.715,26.686,10.0,peripheral
orbit,11.5,1,137.285,93.314,10.0,peripheral
orbit,11.5,2,100.0,60.0,0.0,relay_anchor
orbit,11.5,3,66.686,97.285,10.0,peripheral
orbit,11.5,4,133.314,22.715,10.0,peripheral
orbit,12.0,0,66.227,23.13,10.0,peripheral
orbit,12.0,1,133.773,96.87,10.0,peripheral
orbit,12.0,2,100.0,60.0,0.0,relay_anchor
orbit,12.0,3,63.13,93.773,10.0,peripheral
orbit,12.0,4,136.87,26.227,10.0,peripheral
orbit,12.5,0,70.076,19.943,10.0,peripheral
orbit,12.5,1,129.924,100.057,10.0,peripheral
orbit,12.5,2,100.0,60.0,0.0,relay_anchor
orbit,12.5,3,59.943,89.924,10.0,peripheral
orbit,12.5,4,140.057,30.076,10.0,peripheral
orbit,13.0,0,74.225,17.156,10.0,peripheral
orbit,13.0,1,125.775,102.844,10.0,peripheral
orbit,13.0,2,100.0,60.0,0.0,relay_anchor
orbit,13.0,3,57.156,85.775,10.0,peripheral
orbit,13.0,4,142.844,34.225,10.0,peripheral
orbit,13.5,0,78.631,14.796,10.0,peripheral
orbit,13.5,1,121.369,105.204,10.0,peripheral
orbit,13.5,2,100.0,60.0,0.0,relay_anchor
orbit,13.5,3,54.796,81.369,10.0,peripheral
orbit,13.5,4,145.204,38.631,10.0,peripheral
orbit,14.0,0,83.251,12.889,10.0,peripheral
orbit,14.0,1,116.749,107.111,10.0,peripheral
orbit,14.0,2,100.0,60.0,0.0,relay_anchor
orbit,14.0,3,52.889,76.749,10.0,peripheral
orbit,14.0,4,147.111,43.251,10.0,peripheral
orbit,14.5,0,88.038,11.452,10.0,peripheral
orbit,14.5,1,111.962,108.548,10.0,peripheral
orbit,14.5,2,100.0,60.0,0.0,relay_anchor
orbit,14.5,3,51.452,71.962,10.0,peripheral
orbit,14.5,4,148.548,48.038,10.0,peripheral
orbit,15.0,0,92.944,10.5,10.0,peripheral
orbit,15.0,1,107.056,109.5,10.0,peripheral
orbit,15.0,2,100.0,60.0,0.0,relay_anchor
orbit,15.0,3,50.5,67.056,10.0,peripheral
orbit,15.0,4,149.5,52.944,10.0,peripheral
orbit,15.5,0,97.921,10.043,10.0,peripheral
orbit,15.5,1,102.079,109.957,10.0,peripheral
orbit,15.5,2,100.0,60.0,0.0,relay_anchor
orbit,15.5,3,50.043,62.079,10.0,peripheral
orbit,15.5,4,149.957,57.921,10.0,peripheral
orbit,16.0,0,102.919,10.085,10.0,peripheral
orbit,16.0,1,97.081,109.915,10.0,peripheral
orbit,16.0,2,100.0,60.0,0.0,relay_anchor
orbit,16.0,3,50.085,57.081,10.0,peripheral
orbit,16.0,4,149.915,62.919,10.0,peripheral
orbit,16.5,0,107.887,10.626,10.0,peripheral
orbit,16.5,1,92.113,109.374,10.0,peripheral
orbit,16.5,2,100.0,60.0,0.0,relay_anchor
orbit,16.5,3,50.626,52.113,10.0,peripheral
orbit,16.5,4,149.374,67.887,10.0,peripheral
orbit,17.0,0,112.777,11.66,10.0,peripheral
orbit,17.0,1,87.223,108.34,10.0,peripheral
orbit,17.0,2,100.0,60.0,0.0,relay_anchor
orbit,17.0,3,51.66,47.223,10.0,peripheral
orbit,17.0,4,148.34,72.777,10.0,peripheral
orbit,17.5,0,117.539,13.177,10.0,peripheral
orbit,17.5,1,82.461,106.823,10.0,peripheral
orbit,17.5,2,100.0,60.0,0.0,relay_anchor
orbit,17.5,3,53.177,42.461,10.0,peripheral
orbit,17.5,4,146.823,77.539,10.0,peripheral
orbit,18.0,0,122.126,15.162,10.0,peripheral
orbit,18.0,1,77.874,104.838,10.0,peripheral
orbit,18.0,2,100.0,60.0,0.0,relay_anchor
orbit,18.0,3,55.162,37.874,10.0,peripheral
orbit,18.0,4,144.838,82.126,10.0,peripheral
orbit,18.5,0,126.492,17.595,10.0,peripheral
orbit,18.5,1,73.508,102.405,10.0,peripheral
orbit,18.5,2,100.0,60.0,0.0,relay_anchor
orbit,18.5,3,57.595,33.508,10.0,peripheral
orbit,18.5,4,142.405,86.492,10.0,peripheral
orbit,19.0,0,130.593,20.452,10.0,peripheral
orbit,19.0,1,69.407,99.548,10.0,peripheral
orbit,19.0,2,100.0,60.0,0.0,relay_anchor
orbit,19.0,3,60.452,29.407,10.0,peripheral
orbit,19.0,4,139.548,90.593,10.0,peripheral
orbit,19.5,0,134.388,23.703,10.0,peripheral
orbit,19.5,1,65.612,96.297,10.0,peripheral
orbit,19.5,2,100.0,60.0,0.0,relay_anchor
orbit,19.5,3,63.703,25.612,10.0,peripheral
orbit,19.5,4,136.297,94.388,10.0,peripheral
orbit,20.0,0,137.84,27.318,10.0,peripheral
orbit,20.0,1,62.16,92.682,10.0,peripheral
orbit,20.0,2,100.0,60.0,0.0,relay_anchor
orbit,20.0,3,67.318,22.16,10.0,peripheral
orbit,20.0,4,132.682,97.84,10.0,peripheral
orbit,20.5,0,140.914,31.259,10.0,peripheral
orbit,20.5,1,59.086,88.741,10.0,peripheral
orbit,20.5,2,100.0,60.0,0.0,relay_anchor
orbit,20.5,3,71.259,19.086,10.0,peripheral
orbit,20.5,4,128.741,100.914,10.0,peripheral
orbit,21.0,0,143.579,35.487,10.0,peripheral
orbit,21.0,1,56.421,84.513,10.0,peripheral
orbit,21.0,2,100.0,60.0,0.0,relay_anchor
orbit,21.0,3,75.487,16.421,10.0,peripheral
orbit,21.0,4,124.513,103.579,10.0,peripheral
orbit,21.5,0,145.808,39.96,10.0,peripheral
orbit,21.5,1,54.192,80.04,10.0,peripheral
orbit,21.5,2,100.0,60.0,0.0,relay_anchor
orbit,21.5,3,79.96,14.192,10.0,peripheral
orbit,21.5,4,120.04,105.808,10.0,peripheral
orbit,22.0,0,147.58,44.633,10.0,peripheral
orbit,22.0,1,52.42,75.367,10.0,peripheral
orbit,22.0,2,100.0,60.0,0.0,relay_anchor
orbit,22.0,3,84.633,12.42,10.0,peripheral
orbit,22.0,4,115.367,107.58,10.0,peripheral
orbit,22.5,0,148.877,49.46,10.0,peripheral
orbit,22.5,1,51.123,70.54,10.0,peripheral
orbit,22.5,2,100.0,60.0,0.0,relay_anchor
orbit,22.5,3,89.46,11.123,10.0,peripheral
orbit,22.5,4,110.54,108.877,10.0,peripheral
orbit,23.0,0,149.685,54.392,10.0,peripheral
orbit,23.0,1,50.315,65.608,10.0,peripheral
orbit,23.0,2,100.0,60.0,0.0,relay_anchor
orbit,23.0,3,94.392,10.315,10.0,peripheral
orbit,23.0,4,105.608,109.685,10.0,peripheral
orbit,23.5,0,149.996,59.381,10.0,peripheral
orbit,23.5,1,50.004,60.619,10.0,peripheral
orbit,23.5,2,100.0,60.0,0.0,relay_anchor
orbit,23.5,3,99.381,10.004,10.0,peripheral
orbit,23.5,4,100.619,109.996,10.0,peripheral
orbit,24.0,0,149.808,64.375,10.0,peripheral
orbit,24.0,1,50.192,55.625,10.0,peripheral
orbit,24.0,2,100.0,60.0,0.0,relay_anchor
orbit,24.0,3,104.375,10.192,10.0,peripheral
orbit,24.0,4,95.625,109.808,10.0,peripheral
orbit,24.5,0,149.123,69.326,10.0,peripheral
orbit,24.5,1,50.877,50.674,10.0,peripheral
orbit,24.5,2,100.0,60.0,0.0,relay_anchor
orbit,24.5,3,109.326,10.877,10.0,peripheral
orbit,24.5,4,90.674,109.123,10.0,peripheral
orbit,25.0,0,147.946,74.183,10.0,peripheral
orbit,25.0,1,52.054,45.817,10.0,peripheral
orbit,25.0,2,100.0,60.0,0.0,relay_anchor
orbit,25.0,3,114.183,12.054,10.0,peripheral
orbit,25.0,4,85.817,107.946,10.0,peripheral
orbit,25.5,0,146.291,78.899,10.0,peripheral
orbit,25.5,1,53.709,41.101,10.0,peripheral
orbit,25.5,2,100.0,60.0,0.0,relay_anchor
orbit,25.5,3,118.899,13.709,10.0,peripheral
orbit,25.5,4,81.101,106.291,10.0,peripheral
orbit,26.0,0,144.173,83.426,10.0,peripheral
orbit,26.0,1,55.827,36.574,10.0,peripheral
orbit,26.0,2,100.0,60.0,0.0,relay_anchor
orbit,26.0,3,123.426,15.827,10.0,peripheral
orbit,26.0,4,76.574,104.173,10.0,peripheral
orbit,26.5,0,141.613,87.719,10.0,peripheral
orbit,26.5,1,58.387,32.281,10.0,peripheral
orbit,26.5,2,100.0,60.0,0.0,relay_anchor
orbit,26.5,3,127.719,18.387,10.0,peripheral
orbit,26.5,4,72.281,101.613,10.0,peripheral
orbit,27.0,0,138.638,91.735,10.0,peripheral
orbit,27.0,1,61.362,28.265,10.0,peripheral
orbit,27.0,2,100.0,60.0,0.0,relay_anchor
orbit,27.0,3,131.735,21.362,10.0,peripheral
orbit,27.0,4,68.265,98.638,10.0,peripheral
orbit,27.5,0,135.277,95.433,10.0,peripheral
orbit,27.5,1,64.723,24.567,10.0,peripheral
orbit,27.5,2,100.0,60.0,0.0,relay_anchor
orbit,27.5,3,135.433,24.723,10.0,peripheral
orbit,27.5,4,64.567,95.277,10.0,peripheral
orbit,28.0,0,131.563,98.778,10.0,peripheral
orbit,28.0,1,68.437,21.222,10.0,peripheral
orbit,28.0,2,100.0,60.0,0.0,relay_anchor
orbit,28.0,3,138.778,28.437,10.0,peripheral
orbit,28.0,4,61.222,91.563,10.0,peripheral
orbit,28.5,0,127.534,101.736,10.0,peripheral
orbit,28.5,1,72.466,18.264,10.0,peripheral
orbit,28.5,2,100.0,60.0,0.0,relay_anchor
orbit,28.5,3,141.736,32.466,10.0,peripheral
orbit,28.5,4,58.264,87.534,10.0,peripheral
orbit,29.0,0,123.23,104.276,10.0,peripheral
orbit,29.0,1,76.77,15.724,10.0,peripheral
orbit,29.0,2,100.0,60.0,0.0,relay_anchor
orbit,29.0,3,144.276,36.77,10.0,peripheral
orbit,29.0,4,55.724,83.23,10.0,peripheral
orbit,29.5,0,118.694,106.374,10.0,peripheral
orbit,29.5,1,81.306,13.626,10.0,peripheral
orbit,29.5,2,100.0,60.0,0.0,relay_anchor
orbit,29.5,3,146.374,41.306,10.0,peripheral
orbit,29.5,4,53.626,78.694,10.0,peripheral
orbit,30.0,0,113.971,108.009,10.0,peripheral
orbit,30.0,1,86.029,11.991,10.0,peripheral
orbit,30.0,2,100.0,60.0,0.0,relay_anchor
orbit,30.0,3,148.009,46.029,10.0,peripheral
orbit,30.0,4,51.991,73.971,10.0,peripheral
orbit,30.5,0,109.108,109.163,10.0,peripheral
orbit,30.5,1,90.892,10.837,10.0,peripheral
orbit,30.5,2,100.0,60.0,0.0,relay_anchor
orbit,30.5,3,149.163,50.892,10.0,peripheral
orbit,30.5,4,50.837,69.108,10.0,peripheral
orbit,31.0,0,104.154,109.827,10.0,peripheral
orbit,31.0,1,95.846,10.173,10.0,peripheral
orbit,31.0,2,100.0,60.0,0.0,relay_anchor
orbit,31.0,3,149.827,55.846,10.0,peripheral
orbit,31.0,4,50.173,64.154,10.0,peripheral
orbit,31.5,0,99.159,109.993,10.0,peripheral
orbit,31.5,1,100.841,10.007,10.0,peripheral
orbit,31.5,2,100.0,60.0,0.0,relay_anchor
orbit,31.5,3,149.993,60.841,10.0,peripheral
orbit,31.5,4,50.007,59.159,10.0,peripheral
orbit,32.0,0,94.173,109.659,10.0,peripheral
orbit,32.0,1,105.827,10.341,10.0,peripheral
orbit,32.0,2,100.0,60.0,0.0,relay_anchor
orbit,32.0,3,149.659,65.827,10.0,peripheral
orbit,32.0,4,50.341,54.173,10.0,peripheral
orbit,32.5,0,89.244,108.829,10.0,peripheral
orbit,32.5,1,110.756,11.171,10.0,peripheral
orbit,32.5,2,100.0,60.0,0.0,relay_anchor
orbit,32.5,3,148.829,70.756,10.0,peripheral
orbit,32.5,4,51.171,49.244,10.0,peripheral
orbit,33.0,0,84.423,107.512,10.0,peripheral
orbit,33.0,1,115.577,12.488,10.0,peripheral
orbit,33.0,2,100.0,60.0,0.0,relay_anchor
orbit,33.0,3,147.512,75.577,10.0,peripheral
orbit,33.0,4,52.488,44.423,10.0,peripheral
orbit,33.5,0,79.758,105.719,10.0,peripheral
orbit,33.5,1,120.242,14.281,10.0,peripheral
orbit,33.5,2,100.0,60.0,0.0,relay_anchor
orbit,33.5,3,145.719,80.242,10.0,peripheral
orbit,33.5,4,54.281,39.758,10.0,peripheral
orbit,34.0,0,75.294,103.47,10.0,peripheral
orbit,34.0,1,124.706,16.53,10.0,peripheral
orbit,34.0,2,100.0,60.0,0.0,relay_anchor
orbit,34.0,3,143.47,84.706,10.0,peripheral
orbit,34.0,4,56.53,35.294,10.0,peripheral
orbit,34.5,0,71.078,100.786,10.0,peripheral
orbit,34.5,1,128.922,19.214,10.0,peripheral
orbit,34.5,2,100.0,60.0,0.0,relay_anchor
orbit,34.5,3,140.786,88.922,10.0,peripheral
orbit,34.5,4,59.214,31.078,10.0,peripheral
orbit,35.0,0,67.151,97.695,10.0,peripheral
orbit,35.0,1,132.849,22.305,10.0,peripheral
orbit,35.0,2,100.0,60.0,0.0,relay_anchor
orbit,35.0,3,137.695,92.849,10.0,peripheral
orbit,35.0,4,62.305,27.151,10.0,peripheral
orbit,35.5,0,63.552,94.227,10.0,peripheral
orbit,35.5,1,136.448,25.773,10.0,peripheral
orbit,35.5,2,100.0,60.0,0.0,relay_anchor
orbit,35.5,3,134.227,96.448,10.0,peripheral
orbit,35.5,4,65.773,23.552,10.0,peripheral
orbit,36.0,0,60.317,90.418,10.0,peripheral
orbit,36.0,1,139.683,29.582,10.0,peripheral
orbit,36.0,2,100.0,60.0,0.0,relay_anchor
orbit,36.0,3,130.418,99.683,10.0,peripheral
orbit,36.0,4,69.582,20.317,10.0,peripheral
orbit,36.5,0,57.478,86.304,10.0,peripheral
orbit,36.5,1,142.522,33.696,10.0,peripheral
orbit,36.5,2,100.0,60.0,0.0,relay_anchor
orbit,36.5,3,126.304,102.522,10.0,peripheral
orbit,36.5,4,73.696,17.478,10.0,peripheral
orbit,37.0,0,55.065,81.927,10.0,peripheral
orbit,37.0,1,144.935,38.073,10.0,peripheral
orbit,37.0,2,100.0,60.0,0.0,relay_anchor
orbit,37.0,3,121.927,104.935,10.0,peripheral
orbit,37.0,4,78.073,15.065,10.0,peripheral
orbit,37.5,0,53.1,77.332,10.0,peripheral
orbit,37.5,1,146.9,42.668,10.0,peripheral
orbit,37.5,2,100.0,60.0,0.0,relay_anchor
orbit,37.5,3,117.332,106.9,10.0,peripheral
orbit,37.5,4,82.668,13.1,10.0,peripheral
orbit,38.0,0,51.604,72.563,10.0,peripheral
orbit,38.0,1,148.396,47.437,10.0,peripheral
orbit,38.0,2,100.0,60.0,0.0,relay_anchor
orbit,38.0,3,112.563,108.396,10.0,peripheral
orbit,38.0,4,87.437,11.604,10.0,peripheral
orbit,38.5,0,50.592,67.669,10.0,peripheral
orbit,38.5,1,149.408,52.331,10.0,peripheral
orbit,38.5,2,100.0,60.0,0.0,relay_anchor
orbit,38.5,3,107.669,109.408,10.0,peripheral
orbit,38.5,4,92.331,10.592,10.0,peripheral
orbit,39.0,0,50.073,62.698,10.0,peripheral
orbit,39.0,1,149.927,57.302,10.0,peripheral
orbit,39.0,2,100.0,60.0,0.0,relay_anchor
orbit,39.0,3,102.698,109.927,10.0,peripheral
orbit,39.0,4,97.302,10.073,10.0,peripheral
orbit,39.5,0,50.053,57.7,10.0,peripheral
orbit,39.5,1,149.947,62.3,10.0,peripheral
orbit,39.5,2,100.0,60.0,0.0,relay_anchor
orbit,39.5,3,97.7,109.947,10.0,peripheral
orbit,39.5,4,102.3,10.053,10.0,peripheral
orbit,40.0,0,50.532,52.725,10.0,peripheral
orbit,40.0,1,149.468,67.275,10.0,peripheral
orbit,40.0,2,100.0,60.0,0.0,relay_anchor
orbit,40.0,3,92.725,109.468,10.0,peripheral
orbit,40.0,4,107.275,10.532,10.0,peripheral
